title,description,link,query
"“컴공 접고 전기 배운다”…코딩도 뚫은 AI, 20대 취업 공식 뒤집었다 - v.daum.net","<a href=""https://news.google.com/rss/articles/CBMiT0FVX3lxTE43WUtVTWlIMkg4Y1lqdGtGUDVmbnkycDRzTVdzNHFnaDBRNVRsaDlwUTVTZkRSQzJnU0FVMGYtN2Jfb1dCTUx6Z0hlS0NtTXc?oc=5"" target=""_blank"">“컴공 접고 전기 배운다”…코딩도 뚫은 AI, 20대 취업 공식 뒤집었다</a>&nbsp;&nbsp;<font color=""#6f6f6f"">v.daum.net</font>",https://news.google.com/rss/articles/CBMiT0FVX3lxTE43WUtVTWlIMkg4Y1lqdGtGUDVmbnkycDRzTVdzNHFnaDBRNVRsaDlwUTVTZkRSQzJnU0FVMGYtN2Jfb1dCTUx6Z0hlS0NtTXc?oc=5,인공지능
전쟁 지휘하는 인공지능…‘완전자율무기’ 향한 위험한 속도전 - 한겨레,"<a href=""https://news.google.com/rss/articles/CBMiggFBVV95cUxOTW9vYzF0blhjYzVySVByQ09RUTA0MjZXeTVDLU5OV3puRTM3ZnlvaGUzTGNmbFFZQ0dld1NRQkNaMU15NUxYRE53MEhsSk9USjNkdC1IUXl0am1ObWswbC1QRV8yTjFPNERpYmRtVDRZV3hfU0JEXzNmMHRHSlR2X0pR?oc=5"" target=""_blank"">전쟁 지휘하는 인공지능…‘완전자율무기’ 향한 위험한 속도전</a>&nbsp;&nbsp;<font color=""#6f6f6f"">한겨레</font>",https://news.google.com/rss/articles/CBMiggFBVV95cUxOTW9vYzF0blhjYzVySVByQ09RUTA0MjZXeTVDLU5OV3puRTM3ZnlvaGUzTGNmbFFZQ0dld1NRQkNaMU15NUxYRE53MEhsSk9USjNkdC1IUXl0am1ObWswbC1QRV8yTjFPNERpYmRtVDRZV3hfU0JEXzNmMHRHSlR2X0pR?oc=5,인공지능
인공지능 중점학교 1141곳 선정 AI 수업 확대 등 385억 지원 - 대한민국 정책브리핑,"<a href=""https://news.google.com/rss/articles/CBMibEFVX3lxTE11Y2RYR1BDQVFSbktUUUlRMl94V05XMF9ISDVMd3hfWkRZMFlfMWNYVFpOMUhnSzV5ajNJNG93bkVQNXg1eUhvNDFzUXBuaGZiMUJSX0R2LThWcW81WVNCM19VemplZmNPOVhHTA?oc=5"" target=""_blank"">인공지능 중점학교 1141곳 선정 AI 수업 확대 등 385억 지원</a>&nbsp;&nbsp;<font color=""#6f6f6f"">대한민국 정책브리핑</font>",https://news.google.com/rss/articles/CBMibEFVX3lxTE11Y2RYR1BDQVFSbktUUUlRMl94V05XMF9ISDVMd3hfWkRZMFlfMWNYVFpOMUhnSzV5ajNJNG93bkVQNXg1eUhvNDFzUXBuaGZiMUJSX0R2LThWcW81WVNCM19VemplZmNPOVhHTA?oc=5,인공지능
"""인공지능(AI) 생성코드 늘수록 의료기기 보안 점검 강화 필요"" - 히트뉴스","<a href=""https://news.google.com/rss/articles/CBMia0FVX3lxTFBlZXJNdFI1VjRTU29FcTdWZHBaazJ5bjlSamRNalh4bUNpMHRSZXJLejZybjZPZTZPYVlEZGNQbnJGQlVmc1VmQWFKZ1ZoZnROUEstNzZIYnplb3dGVDE0TVF1dGdQMFB5aWpn?oc=5"" target=""_blank"">""인공지능(AI) 생성코드 늘수록 의료기기 보안 점검 강화 필요""</a>&nbsp;&nbsp;<font color=""#6f6f6f"">히트뉴스</font>",https://news.google.com/rss/articles/CBMia0FVX3lxTFBlZXJNdFI1VjRTU29FcTdWZHBaazJ5bjlSamRNalh4bUNpMHRSZXJLejZybjZPZTZPYVlEZGNQbnJGQlVmc1VmQWFKZ1ZoZnROUEstNzZIYnplb3dGVDE0TVF1dGdQMFB5aWpn?oc=5,인공지능
"배경훈 부총리, 4대 과기원 - 지역 인공지능 전환 협력기업 업무협약식 참석 - 인공지능신문","<a href=""https://news.google.com/rss/articles/CBMiZ0FVX3lxTE5tdWpnbUt0N1Juby0tR3NLUVB6dk9faUZ1MGZuUEJJbVE3cURHZHJMUnZncmI0aGdzT0lpeEpkcHd2ZWNUSVBiMExhUG1YVDBTa19TX2tjX1RYdmdseHhSWU9QYW1Xb3c?oc=5"" target=""_blank"">배경훈 부총리, 4대 과기원 - 지역 인공지능 전환 협력기업 업무협약식 참석</a>&nbsp;&nbsp;<font color=""#6f6f6f"">인공지능신문</font>",https://news.google.com/rss/articles/CBMiZ0FVX3lxTE5tdWpnbUt0N1Juby0tR3NLUVB6dk9faUZ1MGZuUEJJbVE3cURHZHJMUnZncmI0aGdzT0lpeEpkcHd2ZWNUSVBiMExhUG1YVDBTa19TX2tjX1RYdmdseHhSWU9QYW1Xb3c?oc=5,인공지능
"자율형 인공지능(에이전틱 AI) 시대, 소프트웨어 산업 대응 방안 모색 - 법률신문","<a href=""https://news.google.com/rss/articles/CBMibkFVX3lxTFBYTGRWOWY1YkZvZDV5dTlldThsblc0c1pjNVJTTjJoNmlCQnh5eVkwOTFwS0ZBQ2tNOW56bkJ6N210XzRHVllaT1VQOFh2bUN2NFJzWEZ6eVpfSnVfYWJ4ZmppSTVhVVZYYlNFOHRB0gFyQVVfeXFMT2xwRjJ6MFdzZkVVLVFxd0d0SG5td1pfMDJFaS1wZXlVSUNKaG9nbWs0VDRkT3JGQXhfNEM4Wjh0cjVWbGp4LXlUcXAzeXVBZGc0NEZ5WHpuN1Rua2lSbUk2c1Z2RHNFS28yMXRwOTJSeFNR?oc=5"" target=""_blank"">자율형 인공지능(에이전틱 AI) 시대, 소프트웨어 산업 대응 방안 모색</a>&nbsp;&nbsp;<font color=""#6f6f6f"">법률신문</font>",https://news.google.com/rss/articles/CBMibkFVX3lxTFBYTGRWOWY1YkZvZDV5dTlldThsblc0c1pjNVJTTjJoNmlCQnh5eVkwOTFwS0ZBQ2tNOW56bkJ6N210XzRHVllaT1VQOFh2bUN2NFJzWEZ6eVpfSnVfYWJ4ZmppSTVhVVZYYlNFOHRB0gFyQVVfeXFMT2xwRjJ6MFdzZkVVLVFxd0d0SG5td1pfMDJFaS1wZXlVSUNKaG9nbWs0VDRkT3JGQXhfNEM4Wjh0cjVWbGp4LXlUcXAzeXVBZGc0NEZ5WHpuN1Rua2lSbUk2c1Z2RHNFS28yMXRwOTJSeFNR?oc=5,인공지능
"“인공지능 대전환 시대, 한국형 컨트롤타워 역할” - 데일리메디","<a href=""https://news.google.com/rss/articles/CBMiaEFVX3lxTE1IMDA5ckdTc3RHWWp2NUdTdGx5a2kwc240eGQ1YW44STBpNW9YazZrME5FSXptcklZYUR5am1HNG1WT292dTFhUFFiZkJfZzdRVDVOWGl3NXFmdDdtektlNTlkaWt6bVZG?oc=5"" target=""_blank"">“인공지능 대전환 시대, 한국형 컨트롤타워 역할”</a>&nbsp;&nbsp;<font color=""#6f6f6f"">데일리메디</font>",https://news.google.com/rss/articles/CBMiaEFVX3lxTE1IMDA5ckdTc3RHWWp2NUdTdGx5a2kwc240eGQ1YW44STBpNW9YazZrME5FSXptcklZYUR5am1HNG1WT292dTFhUFFiZkJfZzdRVDVOWGl3NXFmdDdtektlNTlkaWt6bVZG?oc=5,인공지능
직원 대상 인공지능(AI) 활용 교육 나서 - 농민신문,"<a href=""https://news.google.com/rss/articles/CBMiWkFVX3lxTFB1SlBSLXFIQVZPUzNBUXZWSVF5QmNiSm9ibE82NERaLTNJdXZrRENTRWZaMGVkbUpYYVc5cWtiNllmdXRrdTNYR2FwU3FvUHEwekpkQURqQ3pJQQ?oc=5"" target=""_blank"">직원 대상 인공지능(AI) 활용 교육 나서</a>&nbsp;&nbsp;<font color=""#6f6f6f"">농민신문</font>",https://news.google.com/rss/articles/CBMiWkFVX3lxTFB1SlBSLXFIQVZPUzNBUXZWSVF5QmNiSm9ibE82NERaLTNJdXZrRENTRWZaMGVkbUpYYVc5cWtiNllmdXRrdTNYR2FwU3FvUHEwekpkQURqQ3pJQQ?oc=5,인공지능
[포토] 인공지능 로봇으로 치매 치료 - 전자신문,"<a href=""https://news.google.com/rss/articles/CBMiTkFVX3lxTE8xZUlXM29uaFVqTy1IYjhUbGJ6bDF3SGJydTJzUDYtR01wWjNiMmFicExqV2VIMkttbkhwOXJZdW1ldnIwbzFoRkxsUlVYQQ?oc=5"" target=""_blank"">[포토] 인공지능 로봇으로 치매 치료</a>&nbsp;&nbsp;<font color=""#6f6f6f"">전자신문</font>",https://news.google.com/rss/articles/CBMiTkFVX3lxTE8xZUlXM29uaFVqTy1IYjhUbGJ6bDF3SGJydTJzUDYtR01wWjNiMmFicExqV2VIMkttbkhwOXJZdW1ldnIwbzFoRkxsUlVYQQ?oc=5,인공지능
거제 조선업 인공지능 전환 '협력 플랫폼' 출범 - knn.co.kr,"<a href=""https://news.google.com/rss/articles/CBMiVEFVX3lxTE1lUnV6SmkxaGxHX1pIOU1yU0s2UlJldk9lNi1tUjZYeEl6WjFoN1dBS0RoM2hQT2ZPQ0Q3N3JoQWpHYUdWeGF1ZHk5d1pXQ2J5RzdaVw?oc=5"" target=""_blank"">거제 조선업 인공지능 전환 '협력 플랫폼' 출범</a>&nbsp;&nbsp;<font color=""#6f6f6f"">knn.co.kr</font>",https://news.google.com/rss/articles/CBMiVEFVX3lxTE1lUnV6SmkxaGxHX1pIOU1yU0s2UlJldk9lNi1tUjZYeEl6WjFoN1dBS0RoM2hQT2ZPQ0Q3N3JoQWpHYUdWeGF1ZHk5d1pXQ2J5RzdaVw?oc=5,인공지능
산업 인공지능 전환 생태계 조성 ‘박차’ - v.daum.net,"<a href=""https://news.google.com/rss/articles/CBMiT0FVX3lxTFBRVmdJejNsNFVjQXd2NGQ2QTk5T09BcUE3VE1WTFZhRG9aWnhkM1lrZkR2OWZJcFNhbVZYMmdOX3pqcnkxcHJtVlhIUG01Rm8?oc=5"" target=""_blank"">산업 인공지능 전환 생태계 조성 ‘박차’</a>&nbsp;&nbsp;<font color=""#6f6f6f"">v.daum.net</font>",https://news.google.com/rss/articles/CBMiT0FVX3lxTFBRVmdJejNsNFVjQXd2NGQ2QTk5T09BcUE3VE1WTFZhRG9aWnhkM1lrZkR2OWZJcFNhbVZYMmdOX3pqcnkxcHJtVlhIUG01Rm8?oc=5,인공지능
"경남도, ‘인공지능 기반 통합돌봄’ 본격 가동...전국 광역 최초 ‘AI 통합복지플랫폼’ 6월 본격 개시 - 인공지능신문","<a href=""https://news.google.com/rss/articles/CBMiZ0FVX3lxTE52MnRpLTc2dU04ejFkTW5aZUN0d0JVMThPWmxKZmptbHJLWkFLSG5HLXhWTmpVMmY2N05jaFdRSndONU1ZSFRNZjY2ZkNVQ1RrX1N5VmpmRjZYdUVsc1pweS04VExocDg?oc=5"" target=""_blank"">경남도, ‘인공지능 기반 통합돌봄’ 본격 가동...전국 광역 최초 ‘AI 통합복지플랫폼’ 6월 본격 개시</a>&nbsp;&nbsp;<font color=""#6f6f6f"">인공지능신문</font>",https://news.google.com/rss/articles/CBMiZ0FVX3lxTE52MnRpLTc2dU04ejFkTW5aZUN0d0JVMThPWmxKZmptbHJLWkFLSG5HLXhWTmpVMmY2N05jaFdRSndONU1ZSFRNZjY2ZkNVQ1RrX1N5VmpmRjZYdUVsc1pweS04VExocDg?oc=5,인공지능
"“인공지능이 지켜주는 일상 속 안전”...국토부, 2년간 750억 투입해 AI 기술 상용화 지원 - 인공지능신문","<a href=""https://news.google.com/rss/articles/CBMiZ0FVX3lxTE51NWNJa2pIa2xmVmNfXzAwWElxRmptWVowT3hocVgxU2tlRUlyc3g0YlpObDNHRnBlVlF6UXhUeDBwX29Ra0Nkd0RaWjE5WEE3OFNFTFBFa1NMNzlJT3ZZeTFQVnhndFk?oc=5"" target=""_blank"">“인공지능이 지켜주는 일상 속 안전”...국토부, 2년간 750억 투입해 AI 기술 상용화 지원</a>&nbsp;&nbsp;<font color=""#6f6f6f"">인공지능신문</font>",https://news.google.com/rss/articles/CBMiZ0FVX3lxTE51NWNJa2pIa2xmVmNfXzAwWElxRmptWVowT3hocVgxU2tlRUlyc3g0YlpObDNHRnBlVlF6UXhUeDBwX29Ra0Nkd0RaWjE5WEE3OFNFTFBFa1NMNzlJT3ZZeTFQVnhndFk?oc=5,인공지능
[기고] 인공지능(AI) 시대 '쓸모없는 인간' - v.daum.net,"<a href=""https://news.google.com/rss/articles/CBMiRkFVX3lxTE9SaUtvU3UwSTRCajVCSEFtU1l3MVAtUC1fME1MRDA4WVUxNExNMVhRSXYzM0lELWllMmVGMnJWOHZTMWVkX1E?oc=5"" target=""_blank"">[기고] 인공지능(AI) 시대 '쓸모없는 인간'</a>&nbsp;&nbsp;<font color=""#6f6f6f"">v.daum.net</font>",https://news.google.com/rss/articles/CBMiRkFVX3lxTE9SaUtvU3UwSTRCajVCSEFtU1l3MVAtUC1fME1MRDA4WVUxNExNMVhRSXYzM0lELWllMmVGMnJWOHZTMWVkX1E?oc=5,인공지능
"경기도여성가족재단, ‘인공지능과 사회정책’ 포럼 … “인간이 더 나은 세상 디자인할 기회 얼마 남지 않아” - v.daum.net","<a href=""https://news.google.com/rss/articles/CBMiRkFVX3lxTFBCWFdDYXI5UjAwYWtUX1VENlVOcjBLZ0VqRDhkbkxTRFN5WFNiQmVXN3c4aGxHUnZvdlNDVDFuWDg4RVQxNXc?oc=5"" target=""_blank"">경기도여성가족재단, ‘인공지능과 사회정책’ 포럼 … “인간이 더 나은 세상 디자인할 기회 얼마 남지 않아”</a>&nbsp;&nbsp;<font color=""#6f6f6f"">v.daum.net</font>",https://news.google.com/rss/articles/CBMiRkFVX3lxTFBCWFdDYXI5UjAwYWtUX1VENlVOcjBLZ0VqRDhkbkxTRFN5WFNiQmVXN3c4aGxHUnZvdlNDVDFuWDg4RVQxNXc?oc=5,인공지능
인공지능의 물결 속에서 노동 시장은 불안정한 상태에 놓여 있다. - Vietnam.vn,"<a href=""https://news.google.com/rss/articles/CBMifkFVX3lxTE9kWTl3b09nMTdYbmZWTDY3UmhiT0ZzYjBEd0lrZ0tKOXF4Wk9vbTNwS3BVMTAyV3paaHlrTENhaDRYU0dCUUc1OGFBOGRQZ0F6WkFQMGduRXB3MVZlcldwTjdGb1E4V296ZHhOTXVtYWtpR0o4ZTg4bko5dDRuQQ?oc=5"" target=""_blank"">인공지능의 물결 속에서 노동 시장은 불안정한 상태에 놓여 있다.</a>&nbsp;&nbsp;<font color=""#6f6f6f"">Vietnam.vn</font>",https://news.google.com/rss/articles/CBMifkFVX3lxTE9kWTl3b09nMTdYbmZWTDY3UmhiT0ZzYjBEd0lrZ0tKOXF4Wk9vbTNwS3BVMTAyV3paaHlrTENhaDRYU0dCUUc1OGFBOGRQZ0F6WkFQMGduRXB3MVZlcldwTjdGb1E4V296ZHhOTXVtYWtpR0o4ZTg4bko5dDRuQQ?oc=5,인공지능
"인공지능의 신뢰성, 투명성 관련 규제 현황과 저작권 법적 쟁점 - 법률신문","<a href=""https://news.google.com/rss/articles/CBMibkFVX3lxTE1BUk11SXh2aGV3UjRYNF9GZ1Fyd3ZLUnVTbDhRNm9OSFRtaUZ5QTdtTU51YXZMZ2NvdVBNYzlfRFN3ZFd5czI3NGlSTWY4dXV6RkJkYXluX0VwTFBxcVV3SWdlZ0NBbnVBeVlyYWxn0gFyQVVfeXFMUFY2c2lpcS1KYUpOZEZrbXVuVktWOGVoRGc5NGxWSzBkdC1SY0NiNzdZUXVGanBucVJ3NV9nZjJvaXE4RmJfLXV3bnVEUE9rbW9FRXk3YU9DWlZWRi0zWnVxNDRDVHRsNkdYeENVMEJ1SDB3?oc=5"" target=""_blank"">인공지능의 신뢰성, 투명성 관련 규제 현황과 저작권 법적 쟁점</a>&nbsp;&nbsp;<font color=""#6f6f6f"">법률신문</font>",https://news.google.com/rss/articles/CBMibkFVX3lxTE1BUk11SXh2aGV3UjRYNF9GZ1Fyd3ZLUnVTbDhRNm9OSFRtaUZ5QTdtTU51YXZMZ2NvdVBNYzlfRFN3ZFd5czI3NGlSTWY4dXV6RkJkYXluX0VwTFBxcVV3SWdlZ0NBbnVBeVlyYWxn0gFyQVVfeXFMUFY2c2lpcS1KYUpOZEZrbXVuVktWOGVoRGc5NGxWSzBkdC1SY0NiNzdZUXVGanBucVJ3NV9nZjJvaXE4RmJfLXV3bnVEUE9rbW9FRXk3YU9DWlZWRi0zWnVxNDRDVHRsNkdYeENVMEJ1SDB3?oc=5,인공지능
[이슈] ‘대한민국 인공지능행동계획’ 확정… AI 3강 도약 청사진 구체화 - 미래한국 Weekly,"<a href=""https://news.google.com/rss/articles/CBMicEFVX3lxTE9Od0lBYTZhR3Y5TU40U1VMU3lxSW5nVlNSR3o5WGt5MHlObUdJWnZuNzRjc3lwLXE5M2tYOHhBeWluelAybU90aG5JaFVSeGNVOFF4eHJmdXB4bjgyRGkwMHN6ejUzRGx2QnZReWRteFk?oc=5"" target=""_blank"">[이슈] ‘대한민국 인공지능행동계획’ 확정… AI 3강 도약 청사진 구체화</a>&nbsp;&nbsp;<font color=""#6f6f6f"">미래한국 Weekly</font>",https://news.google.com/rss/articles/CBMicEFVX3lxTE9Od0lBYTZhR3Y5TU40U1VMU3lxSW5nVlNSR3o5WGt5MHlObUdJWnZuNzRjc3lwLXE5M2tYOHhBeWluelAybU90aG5JaFVSeGNVOFF4eHJmdXB4bjgyRGkwMHN6ejUzRGx2QnZReWRteFk?oc=5,인공지능
"인공지능으로 “1인 기업 시대 연다”...알리바바, 기업용 자율 AI 에이전트 플랫폼 ‘우콩’ 전격 출시 - 인공지능신문","<a href=""https://news.google.com/rss/articles/CBMiZ0FVX3lxTE5qbzNkSldJQnE5c2t4YkFBcEVNbTJDSHNjaUJXR2czN2xLUTgzZnBHbld4cWt0bXhsbmpKN2E3WjhfX0hYZHZJQnRwdnNEcHFSTi0yeWJyUC0wcmRmNDhVOVVjN3AtbWM?oc=5"" target=""_blank"">인공지능으로 “1인 기업 시대 연다”...알리바바, 기업용 자율 AI 에이전트 플랫폼 ‘우콩’ 전격 출시</a>&nbsp;&nbsp;<font color=""#6f6f6f"">인공지능신문</font>",https://news.google.com/rss/articles/CBMiZ0FVX3lxTE5qbzNkSldJQnE5c2t4YkFBcEVNbTJDSHNjaUJXR2czN2xLUTgzZnBHbld4cWt0bXhsbmpKN2E3WjhfX0hYZHZJQnRwdnNEcHFSTi0yeWJyUC0wcmRmNDhVOVVjN3AtbWM?oc=5,인공지능
"“인공지능이 하루 57명 취업 연결”...고용부, 청년·기업이 직접 고른 AI 고용서비스 확대 - 인공지능신문","<a href=""https://news.google.com/rss/articles/CBMiZ0FVX3lxTE9QOTB2eGFKWlRVUnhJZllIZ0NDbG5RUWVDcUM2dnJTMUU5RGNPNzVIRThiNzZkeU8xOVhWYVJCSWs0eUxINHpkVzBiMDNhWnBhaDYzR1lYbFROdV9iOHBDUDFabWxsZGc?oc=5"" target=""_blank"">“인공지능이 하루 57명 취업 연결”...고용부, 청년·기업이 직접 고른 AI 고용서비스 확대</a>&nbsp;&nbsp;<font color=""#6f6f6f"">인공지능신문</font>",https://news.google.com/rss/articles/CBMiZ0FVX3lxTE9QOTB2eGFKWlRVUnhJZllIZ0NDbG5RUWVDcUM2dnJTMUU5RGNPNzVIRThiNzZkeU8xOVhWYVJCSWs0eUxINHpkVzBiMDNhWnBhaDYzR1lYbFROdV9iOHBDUDFabWxsZGc?oc=5,인공지능
"KGM, AI 휴머노이드 기술 개발 MOU 체결… 인공지능 기술 개발에 속도 - 인공지능신문","<a href=""https://news.google.com/rss/articles/CBMiZ0FVX3lxTE1YeW0xeEw2eWhBSVhRck9WM1M2X0kxeDdDcVNMQVJzZlJYWklKMDl3UU1TWXc0T0d5dUNJc2tjMUVjX0Jxd3ZMNWRfYS0yamRjNlJkelJlckJreVFrX25HQy01RUxOdDQ?oc=5"" target=""_blank"">KGM, AI 휴머노이드 기술 개발 MOU 체결… 인공지능 기술 개발에 속도</a>&nbsp;&nbsp;<font color=""#6f6f6f"">인공지능신문</font>",https://news.google.com/rss/articles/CBMiZ0FVX3lxTE1YeW0xeEw2eWhBSVhRck9WM1M2X0kxeDdDcVNMQVJzZlJYWklKMDl3UU1TWXc0T0d5dUNJc2tjMUVjX0Jxd3ZMNWRfYS0yamRjNlJkelJlckJreVFrX25HQy01RUxOdDQ?oc=5,인공지능
"삼척시, 인공지능 입문 교육 수강생 모집 - G1방송","<a href=""https://news.google.com/rss/articles/CBMiekFVX3lxTE9hMGpxVW9RajNFQkE2TDlhYnhNX3FZUFdtTFdidzFJS2E0UGRhNlZ4SGU2TWhVNnJsRnAxQnFlY1k5N01WVTBmell4dWpvZGZMVDBTRkZRTXhIamZnd1N0RHIycTJCTGRwYUYzR2tDUjF3MDZtUnl4UTVn?oc=5"" target=""_blank"">삼척시, 인공지능 입문 교육 수강생 모집</a>&nbsp;&nbsp;<font color=""#6f6f6f"">G1방송</font>",https://news.google.com/rss/articles/CBMiekFVX3lxTE9hMGpxVW9RajNFQkE2TDlhYnhNX3FZUFdtTFdidzFJS2E0UGRhNlZ4SGU2TWhVNnJsRnAxQnFlY1k5N01WVTBmell4dWpvZGZMVDBTRkZRTXhIamZnd1N0RHIycTJCTGRwYUYzR2tDUjF3MDZtUnl4UTVn?oc=5,인공지능
"AI기반 초단기 강수 예측 모델 개발, ""한국 국지성 폭우 대응"" - 사이언스타임즈","<a href=""https://news.google.com/rss/articles/CBMijwFBVV95cUxPS0J3YUxuRG9sSWpsdmZPd2JSVldLR1NSeGNkbzNMdUI2WWJZcFAzLW5QQ095YldzS3BLZXdpd2Y5dmw5c1BwVDlXM0RVYWxXcHpzM3BTNzl1V280aVlpSHRDOTEwVm0ycFhJck5ZZzdmX0RNYUlmcV91VC1vZDdodEs2WVBPQjRnbElRb3FzVQ?oc=5"" target=""_blank"">AI기반 초단기 강수 예측 모델 개발, ""한국 국지성 폭우 대응""</a>&nbsp;&nbsp;<font color=""#6f6f6f"">사이언스타임즈</font>",https://news.google.com/rss/articles/CBMijwFBVV95cUxPS0J3YUxuRG9sSWpsdmZPd2JSVldLR1NSeGNkbzNMdUI2WWJZcFAzLW5QQ095YldzS3BLZXdpd2Y5dmw5c1BwVDlXM0RVYWxXcHpzM3BTNzl1V280aVlpSHRDOTEwVm0ycFhJck5ZZzdmX0RNYUlmcV91VC1vZDdodEs2WVBPQjRnbElRb3FzVQ?oc=5,인공지능
「뻔뻔한 과힉책」인공지능은 똑똑한 로봇이야! - 소년한국일보,"<a href=""https://news.google.com/rss/articles/CBMibEFVX3lxTE1ldG5tbE1GX2RBUUMtY0JsQVh2YnZqaEliYXdHLTV5MlRNUDdDdDBGcWJRd1RWZ3JaOFhmVFByTlQxYnFUbjhXaVNtV2pDRnhpNmdGSHpybFlnUTdQb0FReEJ3U19rQWIxVEJERdIBcEFVX3lxTE50NEd0TG5WdDNJdW9JQ2l6X2l6dGlkNHpTS1N0bWs0ZXcxQkF6WWg0SEFBbFNqZTY4aFZzVzRIcDQzUXBBLW9XZHhiX0J0Y0N5Q09IVUJpVDJVY0JEaWM1OWpuVUxUS2xVdWdQQmFHYjM?oc=5"" target=""_blank"">「뻔뻔한 과힉책」인공지능은 똑똑한 로봇이야!</a>&nbsp;&nbsp;<font color=""#6f6f6f"">소년한국일보</font>",https://news.google.com/rss/articles/CBMibEFVX3lxTE1ldG5tbE1GX2RBUUMtY0JsQVh2YnZqaEliYXdHLTV5MlRNUDdDdDBGcWJRd1RWZ3JaOFhmVFByTlQxYnFUbjhXaVNtV2pDRnhpNmdGSHpybFlnUTdQb0FReEJ3U19rQWIxVEJERdIBcEFVX3lxTE50NEd0TG5WdDNJdW9JQ2l6X2l6dGlkNHpTS1N0bWs0ZXcxQkF6WWg0SEFBbFNqZTY4aFZzVzRIcDQzUXBBLW9XZHhiX0J0Y0N5Q09IVUJpVDJVY0JEaWM1OWpuVUxUS2xVdWdQQmFHYjM?oc=5,인공지능
"오티콘보청기, 디지털 의료기기 인증… 인공지능 AI 2.0 보청기 주목 - v.daum.net","<a href=""https://news.google.com/rss/articles/CBMiVEFVX3lxTE1UWU8wVW5fYTJ5d0Nxakk1T2Y3NVdpWHZqeUx3MHJVblNzekNWY2tMa05BNk9XR2RNR1FBSDNvbjc0dWtSdVEwcExWcDRIMWQ2UUItVw?oc=5"" target=""_blank"">오티콘보청기, 디지털 의료기기 인증… 인공지능 AI 2.0 보청기 주목</a>&nbsp;&nbsp;<font color=""#6f6f6f"">v.daum.net</font>",https://news.google.com/rss/articles/CBMiVEFVX3lxTE1UWU8wVW5fYTJ5d0Nxakk1T2Y3NVdpWHZqeUx3MHJVblNzekNWY2tMa05BNk9XR2RNR1FBSDNvbjc0dWtSdVEwcExWcDRIMWQ2UUItVw?oc=5,인공지능
인하대 AI·데이터법연구소 출범 - 법률신문,"<a href=""https://news.google.com/rss/articles/CBMibkFVX3lxTE9VV0xGX1lKRGNScG9xR1JKcVI3VE1rMVY5VDRCeVE0cExLRU55QmtyYWlOU2xfSkdWdDFKdGNTRUQ1VUJqZGVwMmJNX2d6bHRZVURlcjNlVmQ1STJuWVJOVkdVY2pJN2dTRERkSkd30gFyQVVfeXFMTUw0U0d6ektKVGpudFJtRktnalk2OVdYWV9ad1hkdUh5S1ZUSDFrSi1uWDNjTHVxRjI0NVRZcGtiQWRmOGJZSC1UeW9RUERpZnlsRjNkRTFUMm13bkI3VDFYZmdWYWwwSDY4ZVBQTmdnZWx3?oc=5"" target=""_blank"">인하대 AI·데이터법연구소 출범</a>&nbsp;&nbsp;<font color=""#6f6f6f"">법률신문</font>",https://news.google.com/rss/articles/CBMibkFVX3lxTE9VV0xGX1lKRGNScG9xR1JKcVI3VE1rMVY5VDRCeVE0cExLRU55QmtyYWlOU2xfSkdWdDFKdGNTRUQ1VUJqZGVwMmJNX2d6bHRZVURlcjNlVmQ1STJuWVJOVkdVY2pJN2dTRERkSkd30gFyQVVfeXFMTUw0U0d6ektKVGpudFJtRktnalk2OVdYWV9ad1hkdUh5S1ZUSDFrSi1uWDNjTHVxRjI0NVRZcGtiQWRmOGJZSC1UeW9RUERpZnlsRjNkRTFUMm13bkI3VDFYZmdWYWwwSDY4ZVBQTmdnZWx3?oc=5,인공지능
인공지능(AI) 응용제품 상용화로 환경산업 키운다 - 기후에너지경제,"<a href=""https://news.google.com/rss/articles/CBMiZEFVX3lxTE52OHhNLUw0T0pmY2JVSUxtT094QWN0d09XenJ5dk1LaVJCbVpSTWFtdy1PUVRNRWh4NnBQcUxzWUk4V2pQN01CbjVkZmQwclBheDhkVWl4b0prRGttY2hYbTZBNm0?oc=5"" target=""_blank"">인공지능(AI) 응용제품 상용화로 환경산업 키운다</a>&nbsp;&nbsp;<font color=""#6f6f6f"">기후에너지경제</font>",https://news.google.com/rss/articles/CBMiZEFVX3lxTE52OHhNLUw0T0pmY2JVSUxtT094QWN0d09XenJ5dk1LaVJCbVpSTWFtdy1PUVRNRWh4NnBQcUxzWUk4V2pQN01CbjVkZmQwclBheDhkVWl4b0prRGttY2hYbTZBNm0?oc=5,인공지능
적을 지목하는 손가락... 인공지능은 피를 먹고 자란다 - v.daum.net,"<a href=""https://news.google.com/rss/articles/CBMiRkFVX3lxTE9mTjg1MS1zRTU2N3VDVE9KaHZIZWJwdC0zUGVkdkhDWEpHVUFZQ3p5d3BxU2xXZkxGa3JJd3RsbFc2NnE1V1E?oc=5"" target=""_blank"">적을 지목하는 손가락... 인공지능은 피를 먹고 자란다</a>&nbsp;&nbsp;<font color=""#6f6f6f"">v.daum.net</font>",https://news.google.com/rss/articles/CBMiRkFVX3lxTE9mTjg1MS1zRTU2N3VDVE9KaHZIZWJwdC0zUGVkdkhDWEpHVUFZQ3p5d3BxU2xXZkxGa3JJd3RsbFc2NnE1V1E?oc=5,인공지능
"SK에코플랜트, ‘인공지능 딥테크 오픈이노베이션 프로그램’ 시행 - v.daum.net","<a href=""https://news.google.com/rss/articles/CBMiT0FVX3lxTFA0dGpncVl1WjlwMGpaMDVGejQzWGZiWEdaLXJBcVRwWVMzQ0JtTGRNQUliZnN0RDZONTZXZTRQQWl0Rm5lNUN0OE55T2J3ZU0?oc=5"" target=""_blank"">SK에코플랜트, ‘인공지능 딥테크 오픈이노베이션 프로그램’ 시행</a>&nbsp;&nbsp;<font color=""#6f6f6f"">v.daum.net</font>",https://news.google.com/rss/articles/CBMiT0FVX3lxTFA0dGpncVl1WjlwMGpaMDVGejQzWGZiWEdaLXJBcVRwWVMzQ0JtTGRNQUliZnN0RDZONTZXZTRQQWl0Rm5lNUN0OE55T2J3ZU0?oc=5,인공지능
"농어촌공사, 인공지능 활용해 농업가뭄 선제 대응 - 환경일보","<a href=""https://news.google.com/rss/articles/CBMiaEFVX3lxTE1QV2s0R05vOGZDb01xdzFYTmVRZm5BR202NHNGanNzTmxmQUlGYjhNdmVid08xSWZnMGtlLXFVZ2p1MktXZmpaemY2RUNfUVhjSGlrTXNuVFZMeGdyUUFXZnFNazMzU0dK?oc=5"" target=""_blank"">농어촌공사, 인공지능 활용해 농업가뭄 선제 대응</a>&nbsp;&nbsp;<font color=""#6f6f6f"">환경일보</font>",https://news.google.com/rss/articles/CBMiaEFVX3lxTE1QV2s0R05vOGZDb01xdzFYTmVRZm5BR202NHNGanNzTmxmQUlGYjhNdmVid08xSWZnMGtlLXFVZ2p1MktXZmpaemY2RUNfUVhjSGlrTXNuVFZMeGdyUUFXZnFNazMzU0dK?oc=5,인공지능
"㈜한화, CDP 기후변화 대응 우수기업 선정 - 조선일보","<a href=""https://news.google.com/rss/articles/CBMijgFBVV95cUxQbXJReHZ3OG5fMTlEWmczaGVKNzAzczdaT29JODZRZExpYlA0a0llYm1iQW0wUUxxTlN5OUhjTVd3ekpTb3RZTkw1YktVNUZMNGdQVFdxblNZcmUxd2U2dy1LdTk4dkhza2N3MDljTktSa1JQM2taZU5yU3VIam5aTzIwLXlyenlPb2hpY2ZB0gGiAUFVX3lxTE11ckZXR2pubG03Y0s5NkRTQ1gxQUktM1RvaVhsSW11RjdWUnI1VTFZSjRWVGwtZ1JEWU4zdFhiYmdyR3JjWEFUcjVZQ1pHNk1HOEFTSHptdFVsYUJvek1CYUZ1ZnlzSTVZVnZQQkR0c2hNY2Jzd29sYWswR1l2bDNucmNBd3VZT1VxQVdYSlVlbWRJNHVZeVl4TTdJOHBhVmpOQQ?oc=5"" target=""_blank"">㈜한화, CDP 기후변화 대응 우수기업 선정</a>&nbsp;&nbsp;<font color=""#6f6f6f"">조선일보</font>",https://news.google.com/rss/articles/CBMijgFBVV95cUxQbXJReHZ3OG5fMTlEWmczaGVKNzAzczdaT29JODZRZExpYlA0a0llYm1iQW0wUUxxTlN5OUhjTVd3ekpTb3RZTkw1YktVNUZMNGdQVFdxblNZcmUxd2U2dy1LdTk4dkhza2N3MDljTktSa1JQM2taZU5yU3VIam5aTzIwLXlyenlPb2hpY2ZB0gGiAUFVX3lxTE11ckZXR2pubG03Y0s5NkRTQ1gxQUktM1RvaVhsSW11RjdWUnI1VTFZSjRWVGwtZ1JEWU4zdFhiYmdyR3JjWEFUcjVZQ1pHNk1HOEFTSHptdFVsYUJvek1CYUZ1ZnlzSTVZVnZQQkR0c2hNY2Jzd29sYWswR1l2bDNucmNBd3VZT1VxQVdYSlVlbWRJNHVZeVl4TTdJOHBhVmpOQQ?oc=5,기후변화
"영천시, 과수꽃가루은행 운영...기후변화 대응 지원 - 농민신문","<a href=""https://news.google.com/rss/articles/CBMiWkFVX3lxTE00Q3JCQXBJZEdQSmw0NXptaVNWM3BYZEhhQkVFZDdrT1RPa2h3bUFlSENKSURoQ1pTMTZIUWJhaTNPMzRoX3BGREJXRTIycTdmSmIzRnVjZ2lZQQ?oc=5"" target=""_blank"">영천시, 과수꽃가루은행 운영...기후변화 대응 지원</a>&nbsp;&nbsp;<font color=""#6f6f6f"">농민신문</font>",https://news.google.com/rss/articles/CBMiWkFVX3lxTE00Q3JCQXBJZEdQSmw0NXptaVNWM3BYZEhhQkVFZDdrT1RPa2h3bUFlSENKSURoQ1pTMTZIUWJhaTNPMzRoX3BGREJXRTIycTdmSmIzRnVjZ2lZQQ?oc=5,기후변화
"쌀 생산량 예측, 기후변화 고려? - 단비뉴스","<a href=""https://news.google.com/rss/articles/CBMia0FVX3lxTE9XUVBPbklWZDFZT0M3SWZNb2JDRGFpSDdxMVJjOTE3RnZBUGdBR2dNOTlGUk9GeHpNTVQ5VGpCd2NQV0c5dUZpSlg1RzRseXE3M2pqQ0xZdXJtUElxTE0xaVNCUzRXSFBNYUUw?oc=5"" target=""_blank"">쌀 생산량 예측, 기후변화 고려?</a>&nbsp;&nbsp;<font color=""#6f6f6f"">단비뉴스</font>",https://news.google.com/rss/articles/CBMia0FVX3lxTE9XUVBPbklWZDFZT0M3SWZNb2JDRGFpSDdxMVJjOTE3RnZBUGdBR2dNOTlGUk9GeHpNTVQ5VGpCd2NQV0c5dUZpSlg1RzRseXE3M2pqQ0xZdXJtUElxTE0xaVNCUzRXSFBNYUUw?oc=5,기후변화
"금산군 ‘기후변화 대응 인삼재배, 봄철관리가 중요’ - v.daum.net","<a href=""https://news.google.com/rss/articles/CBMiRkFVX3lxTE1lbHh3aDFQNTF3U2Q4Y0N2UkZxLXc3eDlDaWhXTU04WU0yeGVSTVRQNEo1YWFKM0preWtrX3c1b1BWcEpqV0E?oc=5"" target=""_blank"">금산군 ‘기후변화 대응 인삼재배, 봄철관리가 중요’</a>&nbsp;&nbsp;<font color=""#6f6f6f"">v.daum.net</font>",https://news.google.com/rss/articles/CBMiRkFVX3lxTE1lbHh3aDFQNTF3U2Q4Y0N2UkZxLXc3eDlDaWhXTU04WU0yeGVSTVRQNEo1YWFKM0preWtrX3c1b1BWcEpqV0E?oc=5,기후변화
유엔기후변화협약에 장애인도 공식 참여…기후 정의 주체로 우뚝 - 비마이너,"<a href=""https://news.google.com/rss/articles/CBMiaEFVX3lxTE9YTkYtdF9pWkh6cHIzX1NOS0ZhNXpVVkg3UTJPY1FzNkdjMU14aEFpc2xxck5DN3dnVm5OQ0NMVmkxMTZVdGl1LTRtenZkYmx4aFgxcjNITWQ1YUs0Q3R1SzNJMUNNU1Bv?oc=5"" target=""_blank"">유엔기후변화협약에 장애인도 공식 참여…기후 정의 주체로 우뚝</a>&nbsp;&nbsp;<font color=""#6f6f6f"">비마이너</font>",https://news.google.com/rss/articles/CBMiaEFVX3lxTE9YTkYtdF9pWkh6cHIzX1NOS0ZhNXpVVkg3UTJPY1FzNkdjMU14aEFpc2xxck5DN3dnVm5OQ0NMVmkxMTZVdGl1LTRtenZkYmx4aFgxcjNITWQ1YUs0Q3R1SzNJMUNNU1Bv?oc=5,기후변화
"[사이테크+] ""300만년 기후변화 재구성…온실가스보다 바다 영향이 더 컸다"" - 연합뉴스","<a href=""https://news.google.com/rss/articles/CBMiW0FVX3lxTE03ajNZQWlZREptR25idFhkSERMczYzVF9JZVpZeU5oUDlEclRlOWxOVmFIS3hQZmplQzFaako1THlXVEJlSjdKTmFCZ011eUpFRENxOGFGdVJtQkXSAWBBVV95cUxPUXF4Y3FVMHA2OHo0ZHpNNVhvTWZDZDhnZmRfSDRPMUJ6X1AzWUh4ZnVEdklPaTFOTVpBUVlhcE9UQU5CbVZMN0NWc2FsaERENm1zQ0tnNTBYa29hc2xQd2I?oc=5"" target=""_blank"">[사이테크+] ""300만년 기후변화 재구성…온실가스보다 바다 영향이 더 컸다""</a>&nbsp;&nbsp;<font color=""#6f6f6f"">연합뉴스</font>",https://news.google.com/rss/articles/CBMiW0FVX3lxTE03ajNZQWlZREptR25idFhkSERMczYzVF9JZVpZeU5oUDlEclRlOWxOVmFIS3hQZmplQzFaako1THlXVEJlSjdKTmFCZ011eUpFRENxOGFGdVJtQkXSAWBBVV95cUxPUXF4Y3FVMHA2OHo0ZHpNNVhvTWZDZDhnZmRfSDRPMUJ6X1AzWUh4ZnVEdklPaTFOTVpBUVlhcE9UQU5CbVZMN0NWc2FsaERENm1zQ0tnNTBYa29hc2xQd2I?oc=5,기후변화
기후변화로 모기마저 일찍 출현…전국 ‘일본뇌염 주의보’ 발령 - 헬스경향,"<a href=""https://news.google.com/rss/articles/CBMiakFVX3lxTE9Vb2g2cHE4c1A1bF9TSXBDTUZxRXN2ZzloaFdjRFVkRWVmMDZ1eDJOam9NVXBvY2NYUWtaYnBKVW1NVlNiLWM0MlBEdC1iMjhESGJXWFMwcGxraFZOSm5IangzenRtV2NJU1E?oc=5"" target=""_blank"">기후변화로 모기마저 일찍 출현…전국 ‘일본뇌염 주의보’ 발령</a>&nbsp;&nbsp;<font color=""#6f6f6f"">헬스경향</font>",https://news.google.com/rss/articles/CBMiakFVX3lxTE9Vb2g2cHE4c1A1bF9TSXBDTUZxRXN2ZzloaFdjRFVkRWVmMDZ1eDJOam9NVXBvY2NYUWtaYnBKVW1NVlNiLWM0MlBEdC1iMjhESGJXWFMwcGxraFZOSm5IangzenRtV2NJU1E?oc=5,기후변화
“기후변화 피해자 아닌 변화의 주체”… 아이들이 만드는 ‘깨끗한 지구’ - 동아일보,"<a href=""https://news.google.com/rss/articles/CBMiZkFVX3lxTFBXVnhwQU9tcnBsa01HTkgzeDdYWlpSRlBqTDZmbzhxR1dILW5VSFphVEFZRExqcktSVHRVcUYwT0IwbHBUeDI1eEhXYkxfeWI2ci02WGI0QzRVRlY3akZxbGhQdlFUQdIBZkFVX3lxTFBXVnhwQU9tcnBsa01HTkgzeDdYWlpSRlBqTDZmbzhxR1dILW5VSFphVEFZRExqcktSVHRVcUYwT0IwbHBUeDI1eEhXYkxfeWI2ci02WGI0QzRVRlY3akZxbGhQdlFUQQ?oc=5"" target=""_blank"">“기후변화 피해자 아닌 변화의 주체”… 아이들이 만드는 ‘깨끗한 지구’</a>&nbsp;&nbsp;<font color=""#6f6f6f"">동아일보</font>",https://news.google.com/rss/articles/CBMiZkFVX3lxTFBXVnhwQU9tcnBsa01HTkgzeDdYWlpSRlBqTDZmbzhxR1dILW5VSFphVEFZRExqcktSVHRVcUYwT0IwbHBUeDI1eEhXYkxfeWI2ci02WGI0QzRVRlY3akZxbGhQdlFUQdIBZkFVX3lxTFBXVnhwQU9tcnBsa01HTkgzeDdYWlpSRlBqTDZmbzhxR1dILW5VSFphVEFZRExqcktSVHRVcUYwT0IwbHBUeDI1eEhXYkxfeWI2ci02WGI0QzRVRlY3akZxbGhQdlFUQQ?oc=5,기후변화
"충남도의회, 기후변화 대비 작물 육성 및 지원 강화 추진 - v.daum.net","<a href=""https://news.google.com/rss/articles/CBMiS0FVX3lxTE9TQm0yNVVIWHRmYzZlNUEzc2hFc3pPcC1JQWxFLWtaQ0diMGVwd2NYSVNvWWNJdHAzVWxFLVZZSmRuWlZEdHU3RU5sTQ?oc=5"" target=""_blank"">충남도의회, 기후변화 대비 작물 육성 및 지원 강화 추진</a>&nbsp;&nbsp;<font color=""#6f6f6f"">v.daum.net</font>",https://news.google.com/rss/articles/CBMiS0FVX3lxTE9TQm0yNVVIWHRmYzZlNUEzc2hFc3pPcC1JQWxFLWtaQ0diMGVwd2NYSVNvWWNJdHAzVWxFLVZZSmRuWlZEdHU3RU5sTQ?oc=5,기후변화
"한국농어촌공사, 미래 기후변화 대응 'K-HAS CS 2.0' 개발 - v.daum.net","<a href=""https://news.google.com/rss/articles/CBMiT0FVX3lxTFBqcnN1MFYtQm1pZXdFVTlYUmdQcUo2dGF2c1d2VnFWREstWVE5Vk1NSmRJQ3hKV1lXNDRmRWw2cFlMR0pKc1lNSGVCNGx0M0E?oc=5"" target=""_blank"">한국농어촌공사, 미래 기후변화 대응 'K-HAS CS 2.0' 개발</a>&nbsp;&nbsp;<font color=""#6f6f6f"">v.daum.net</font>",https://news.google.com/rss/articles/CBMiT0FVX3lxTFBqcnN1MFYtQm1pZXdFVTlYUmdQcUo2dGF2c1d2VnFWREstWVE5Vk1NSmRJQ3hKV1lXNDRmRWw2cFlMR0pKc1lNSGVCNGx0M0E?oc=5,기후변화
"충남도의회, 기후변화 대비 작물 육성 및 지원 강화 추진 - v.daum.net","<a href=""https://news.google.com/rss/articles/CBMiS0FVX3lxTFBIN1VoLUFvLXRDZkpBMUtMdXV6QS11dm9UdzVQRGZRdVdWQjhvWmllSjZxbzRJYWlCTUZwdE1ZT1JsUjNLSl9fbkQ3TQ?oc=5"" target=""_blank"">충남도의회, 기후변화 대비 작물 육성 및 지원 강화 추진</a>&nbsp;&nbsp;<font color=""#6f6f6f"">v.daum.net</font>",https://news.google.com/rss/articles/CBMiS0FVX3lxTFBIN1VoLUFvLXRDZkpBMUtMdXV6QS11dm9UdzVQRGZRdVdWQjhvWmllSjZxbzRJYWlCTUZwdE1ZT1JsUjNLSl9fbkQ3TQ?oc=5,기후변화
"""기후변화로 산불 위험기간 최대 3.2배 증가…장마 효과 붕괴” - v.daum.net","<a href=""https://news.google.com/rss/articles/CBMiS0FVX3lxTE1PTzFkLWVxQmpOU2xEdm5sSEh6LUhtQl9jN3I0cGdja1g4dDNZY0JoQnRjdEg2bDdoenhHM2hsR2VNVzRKZDNWemtUbw?oc=5"" target=""_blank"">""기후변화로 산불 위험기간 최대 3.2배 증가…장마 효과 붕괴”</a>&nbsp;&nbsp;<font color=""#6f6f6f"">v.daum.net</font>",https://news.google.com/rss/articles/CBMiS0FVX3lxTE1PTzFkLWVxQmpOU2xEdm5sSEh6LUhtQl9jN3I0cGdja1g4dDNZY0JoQnRjdEg2bDdoenhHM2hsR2VNVzRKZDNWemtUbw?oc=5,기후변화
"한국농어촌공사, 미래 기후변화 대응 'K-HAS CS 2.0' 개발 - v.daum.net","<a href=""https://news.google.com/rss/articles/CBMiS0FVX3lxTE1qZDJzRUltX2ZOYWdjWHlja2VoOWRNWEdUTmZ1QUY0QXc5Ni1ONTh4S3RiZXdNcVpVb2tuUEFRZFJ5RUJCLUVMd1Q3QQ?oc=5"" target=""_blank"">한국농어촌공사, 미래 기후변화 대응 'K-HAS CS 2.0' 개발</a>&nbsp;&nbsp;<font color=""#6f6f6f"">v.daum.net</font>",https://news.google.com/rss/articles/CBMiS0FVX3lxTE1qZDJzRUltX2ZOYWdjWHlja2VoOWRNWEdUTmZ1QUY0QXc5Ni1ONTh4S3RiZXdNcVpVb2tuUEFRZFJ5RUJCLUVMd1Q3QQ?oc=5,기후변화
"KIOST-부산대, 업무협약 체결...기후변화 위기 대응에 함께 나선다! - BBS불교방송","<a href=""https://news.google.com/rss/articles/CBMia0FVX3lxTE5fNmdQN0xRcVJsM3A4dms5RFFldU8xeDl4UjVyUDdhSm95enRZbTlOcTdPck81WmtQdTBsUDVCSUZqUWpELUJUeU51Yk5JX0Itc21vQ1Q4NkxZTW1tSmxJY0t3TFAzWHQ5NXFn?oc=5"" target=""_blank"">KIOST-부산대, 업무협약 체결...기후변화 위기 대응에 함께 나선다!</a>&nbsp;&nbsp;<font color=""#6f6f6f"">BBS불교방송</font>",https://news.google.com/rss/articles/CBMia0FVX3lxTE5fNmdQN0xRcVJsM3A4dms5RFFldU8xeDl4UjVyUDdhSm95enRZbTlOcTdPck81WmtQdTBsUDVCSUZqUWpELUJUeU51Yk5JX0Itc21vQ1Q4NkxZTW1tSmxJY0t3TFAzWHQ5NXFn?oc=5,기후변화
"기후위기, 장애인에게는 더 가혹하다…“환경-보건의료-장애 정보 연계된 데이터베이스 구축해야” - BRIC","<a href=""https://news.google.com/rss/articles/CBMifkFVX3lxTFBLMTRVc3BRc0NSa0l6WS1ZY0FqdWE0aDBhbU9yWmtMZ0FfNElUa0dVSlMxMjJyOWplRWJ5YTU4YU9FTVI1ejh5aE1pcmRkTW13YlR3Z3QydmJPdGM3VHJjUHdjWUhyQ0h0ZXZOZ3hBTmNmTVRmajJtdkdmMEFPZw?oc=5"" target=""_blank"">기후위기, 장애인에게는 더 가혹하다…“환경-보건의료-장애 정보 연계된 데이터베이스 구축해야”</a>&nbsp;&nbsp;<font color=""#6f6f6f"">BRIC</font>",https://news.google.com/rss/articles/CBMifkFVX3lxTFBLMTRVc3BRc0NSa0l6WS1ZY0FqdWE0aDBhbU9yWmtMZ0FfNElUa0dVSlMxMjJyOWplRWJ5YTU4YU9FTVI1ejh5aE1pcmRkTW13YlR3Z3QydmJPdGM3VHJjUHdjWUhyQ0h0ZXZOZ3hBTmNmTVRmajJtdkdmMEFPZw?oc=5,기후변화
"충남도의회, 기후변화 대응 작물 육성 조례안 입법예고 - 연합뉴스","<a href=""https://news.google.com/rss/articles/CBMiYEFVX3lxTE0yWEJrcExCQ2VLeGMtYXdNTjA2bE9lRW03cG1ScWlnQnQ4cGtvYkNOVm1VLUJvQi1HWGl6b0FydVNNNm12NG9iUXJ0RGN3SVVBZFQwWXF4YjFFcnNiRms1OdIBYEFVX3lxTE0yWEJrcExCQ2VLeGMtYXdNTjA2bE9lRW03cG1ScWlnQnQ4cGtvYkNOVm1VLUJvQi1HWGl6b0FydVNNNm12NG9iUXJ0RGN3SVVBZFQwWXF4YjFFcnNiRms1OQ?oc=5"" target=""_blank"">충남도의회, 기후변화 대응 작물 육성 조례안 입법예고</a>&nbsp;&nbsp;<font color=""#6f6f6f"">연합뉴스</font>",https://news.google.com/rss/articles/CBMiYEFVX3lxTE0yWEJrcExCQ2VLeGMtYXdNTjA2bE9lRW03cG1ScWlnQnQ4cGtvYkNOVm1VLUJvQi1HWGl6b0FydVNNNm12NG9iUXJ0RGN3SVVBZFQwWXF4YjFFcnNiRms1OdIBYEFVX3lxTE0yWEJrcExCQ2VLeGMtYXdNTjA2bE9lRW03cG1ScWlnQnQ4cGtvYkNOVm1VLUJvQi1HWGl6b0FydVNNNm12NG9iUXJ0RGN3SVVBZFQwWXF4YjFFcnNiRms1OQ?oc=5,기후변화
기후변화 대응 체계 ‘A-’… 국내 철강사 중 유일 - 동아일보,"<a href=""https://news.google.com/rss/articles/CBMiZkFVX3lxTE1Nd2xSR3ZzanFlcS1nbmpJc3pGSnp4bml5ZnZhM2dBQnQyOUFybTBNRkpsazZsUk1SUVJQWm1uRmk0NFJFZC1BdE1LM19rSjBhNE5ocG53cXRJWHJ5Zjg0aXRnTXhHZ9IBZkFVX3lxTE1Nd2xSR3ZzanFlcS1nbmpJc3pGSnp4bml5ZnZhM2dBQnQyOUFybTBNRkpsazZsUk1SUVJQWm1uRmk0NFJFZC1BdE1LM19rSjBhNE5ocG53cXRJWHJ5Zjg0aXRnTXhHZw?oc=5"" target=""_blank"">기후변화 대응 체계 ‘A-’… 국내 철강사 중 유일</a>&nbsp;&nbsp;<font color=""#6f6f6f"">동아일보</font>",https://news.google.com/rss/articles/CBMiZkFVX3lxTE1Nd2xSR3ZzanFlcS1nbmpJc3pGSnp4bml5ZnZhM2dBQnQyOUFybTBNRkpsazZsUk1SUVJQWm1uRmk0NFJFZC1BdE1LM19rSjBhNE5ocG53cXRJWHJ5Zjg0aXRnTXhHZ9IBZkFVX3lxTE1Nd2xSR3ZzanFlcS1nbmpJc3pGSnp4bml5ZnZhM2dBQnQyOUFybTBNRkpsazZsUk1SUVJQWm1uRmk0NFJFZC1BdE1LM19rSjBhNE5ocG53cXRJWHJ5Zjg0aXRnTXhHZw?oc=5,기후변화
기후위기 대응 국가 싱크탱크 '국립기후과학원' 10월께 출범 - 연합뉴스,"<a href=""https://news.google.com/rss/articles/CBMiYEFVX3lxTFAxR05WNXRKV1NnTFhGSW5VLVZGYnhIbmxZX1F1bFBfREgtSXRGTXVTMks5MVh5bUJ1SjFqeXNMVU5DdHFhSGpvRGhENG1RTUNqX29XRFhWR3JNTGtHVFhDTdIBYEFVX3lxTFAxR05WNXRKV1NnTFhGSW5VLVZGYnhIbmxZX1F1bFBfREgtSXRGTXVTMks5MVh5bUJ1SjFqeXNMVU5DdHFhSGpvRGhENG1RTUNqX29XRFhWR3JNTGtHVFhDTQ?oc=5"" target=""_blank"">기후위기 대응 국가 싱크탱크 '국립기후과학원' 10월께 출범</a>&nbsp;&nbsp;<font color=""#6f6f6f"">연합뉴스</font>",https://news.google.com/rss/articles/CBMiYEFVX3lxTFAxR05WNXRKV1NnTFhGSW5VLVZGYnhIbmxZX1F1bFBfREgtSXRGTXVTMks5MVh5bUJ1SjFqeXNMVU5DdHFhSGpvRGhENG1RTUNqX29XRFhWR3JNTGtHVFhDTdIBYEFVX3lxTFAxR05WNXRKV1NnTFhGSW5VLVZGYnhIbmxZX1F1bFBfREgtSXRGTXVTMks5MVh5bUJ1SjFqeXNMVU5DdHFhSGpvRGhENG1RTUNqX29XRFhWR3JNTGtHVFhDTQ?oc=5,기후변화
"""환경 위해 행동할 리더 찾는다""…한국기후변화연구소, 제11기 강사 양성 - 데일리굿뉴스","<a href=""https://news.google.com/rss/articles/CBMibEFVX3lxTE9tSWVETXJzekNROEQ2SmNCVTU0Rk9KaGwxS2FMTGhtYzRrZkV5UGw0YjNaYTJ0Rm9BYm1ydlcyRkFJdERzSWhyaV96aTkwOVRHdkRYRm1fa1RITWZHQklXb2xwdUhmUFJoMDhHdw?oc=5"" target=""_blank"">""환경 위해 행동할 리더 찾는다""…한국기후변화연구소, 제11기 강사 양성</a>&nbsp;&nbsp;<font color=""#6f6f6f"">데일리굿뉴스</font>",https://news.google.com/rss/articles/CBMibEFVX3lxTE9tSWVETXJzekNROEQ2SmNCVTU0Rk9KaGwxS2FMTGhtYzRrZkV5UGw0YjNaYTJ0Rm9BYm1ydlcyRkFJdERzSWhyaV96aTkwOVRHdkRYRm1fa1RITWZHQklXb2xwdUhmUFJoMDhHdw?oc=5,기후변화
기후변화로 ‘이례적 겨울 고온’ 현실화…전 세계 25억명 이상고온 노출 - 파인드비,"<a href=""https://news.google.com/rss/articles/CBMiZ0FVX3lxTE9wVFBwb0EtdWI4c2VMcno3ZEZuMlYwTHVwRXRrU3JlbGNtMDViQTNRbUZacmJQVWJMUE5DLXpDb05CRFk4aV85OEVKaHFOVkM5VlZ4dU1VSUxDbTlza1ZBb3lVYjI3Tm_SAWpBVV95cUxQYWd1VHZ6cUE0TFlIU3RvdUhxcnh4UHpFZEhCeVJDSXhnQ2Rfb2R4RU5WaUhSdEdZVU56N21XWlhEV3M3ZWZRSXh5VXE1X1h4TldrMGxDTUdDbnA4N1hueUZtaEdhYjVhSzhR?oc=5"" target=""_blank"">기후변화로 ‘이례적 겨울 고온’ 현실화…전 세계 25억명 이상고온 노출</a>&nbsp;&nbsp;<font color=""#6f6f6f"">파인드비</font>",https://news.google.com/rss/articles/CBMiZ0FVX3lxTE9wVFBwb0EtdWI4c2VMcno3ZEZuMlYwTHVwRXRrU3JlbGNtMDViQTNRbUZacmJQVWJMUE5DLXpDb05CRFk4aV85OEVKaHFOVkM5VlZ4dU1VSUxDbTlza1ZBb3lVYjI3Tm_SAWpBVV95cUxQYWd1VHZ6cUE0TFlIU3RvdUhxcnh4UHpFZEhCeVJDSXhnQ2Rfb2R4RU5WaUhSdEdZVU56N21XWlhEV3M3ZWZRSXh5VXE1X1h4TldrMGxDTUdDbnA4N1hueUZtaEdhYjVhSzhR?oc=5,기후변화
"[포토뉴스]홍문표 aT 사장, ‘대한민국 헌정회 초청, 기후변화대응 aT정책 특강’ 진행 - BBS불교방송","<a href=""https://news.google.com/rss/articles/CBMia0FVX3lxTFBPYUpEcjktc3gyVWpIT2NPbEpFYmhzM3pINGY5ZVV6ME1XVC1zM2Jfa0hUc3YycXNRdS1wTEV6V0JpNGNINmt2cnVXbzBFamVnc05XQUZCTktneVBncTlWT1dUdC0tbHE4RDVn?oc=5"" target=""_blank"">[포토뉴스]홍문표 aT 사장, ‘대한민국 헌정회 초청, 기후변화대응 aT정책 특강’ 진행</a>&nbsp;&nbsp;<font color=""#6f6f6f"">BBS불교방송</font>",https://news.google.com/rss/articles/CBMia0FVX3lxTFBPYUpEcjktc3gyVWpIT2NPbEpFYmhzM3pINGY5ZVV6ME1XVC1zM2Jfa0hUc3YycXNRdS1wTEV6V0JpNGNINmt2cnVXbzBFamVnc05XQUZCTktneVBncTlWT1dUdC0tbHE4RDVn?oc=5,기후변화
불교는 기후 위기의 대응 자산이 될 수 있을까? - 불교신문,"<a href=""https://news.google.com/rss/articles/CBMibEFVX3lxTE9VQnJvc0ktQXUzamw4TGIwTmVFMmVnNDBsVW1lc0lCTi11WHNybi0zREY5LVNDaUg5UlhvaEw0cGtoWC1oU2U3WEYtdUtsTW9jaHlzU0dKUXp0T3Z4bkRWUjZncjNlYzNRUWJpbNIBbEFVX3lxTE9VQnJvc0ktQXUzamw4TGIwTmVFMmVnNDBsVW1lc0lCTi11WHNybi0zREY5LVNDaUg5UlhvaEw0cGtoWC1oU2U3WEYtdUtsTW9jaHlzU0dKUXp0T3Z4bkRWUjZncjNlYzNRUWJpbA?oc=5"" target=""_blank"">불교는 기후 위기의 대응 자산이 될 수 있을까?</a>&nbsp;&nbsp;<font color=""#6f6f6f"">불교신문</font>",https://news.google.com/rss/articles/CBMibEFVX3lxTE9VQnJvc0ktQXUzamw4TGIwTmVFMmVnNDBsVW1lc0lCTi11WHNybi0zREY5LVNDaUg5UlhvaEw0cGtoWC1oU2U3WEYtdUtsTW9jaHlzU0dKUXp0T3Z4bkRWUjZncjNlYzNRUWJpbNIBbEFVX3lxTE9VQnJvc0ktQXUzamw4TGIwTmVFMmVnNDBsVW1lc0lCTi11WHNybi0zREY5LVNDaUg5UlhvaEw0cGtoWC1oU2U3WEYtdUtsTW9jaHlzU0dKUXp0T3Z4bkRWUjZncjNlYzNRUWJpbA?oc=5,기후변화
기후변화로 “활동 부족→건강악화→연 50만명 조기 사망” 전망 - 한겨레,"<a href=""https://news.google.com/rss/articles/CBMibEFVX3lxTE40TTUyN0R6c2VLVFdwWjRIejB4X2tYbXNXbU5JZWhmcVlONFFLU2pWYVJZVzZiYll0TDZzLTFaUWJsdm5CYndINGZsM21oMmpmbHM4cFJXYkpvcmRRQ205Qjh2SUZ1NHhhVGpFbQ?oc=5"" target=""_blank"">기후변화로 “활동 부족→건강악화→연 50만명 조기 사망” 전망</a>&nbsp;&nbsp;<font color=""#6f6f6f"">한겨레</font>",https://news.google.com/rss/articles/CBMibEFVX3lxTE40TTUyN0R6c2VLVFdwWjRIejB4X2tYbXNXbU5JZWhmcVlONFFLU2pWYVJZVzZiYll0TDZzLTFaUWJsdm5CYndINGZsM21oMmpmbHM4cFJXYkpvcmRRQ205Qjh2SUZ1NHhhVGpFbQ?oc=5,기후변화
"충남도의회, '기후변화 대비 작물 육성 조례안' 입법예고 - 충청뉴스","<a href=""https://news.google.com/rss/articles/CBMibEFVX3lxTFA4R3luNDltOGplbEpDRHRUTU1DcDdmRG9POHdHR01qTXJnMUs5SjJobHhETzVXQUZmMnZOdGN5RWVhTk1iYzNIaEpaNWo4UXZ0WnN6b1Q5RWoycGQybXBSTG1PRWtpVFdqLWd3aA?oc=5"" target=""_blank"">충남도의회, '기후변화 대비 작물 육성 조례안' 입법예고</a>&nbsp;&nbsp;<font color=""#6f6f6f"">충청뉴스</font>",https://news.google.com/rss/articles/CBMibEFVX3lxTFA4R3luNDltOGplbEpDRHRUTU1DcDdmRG9POHdHR01qTXJnMUs5SjJobHhETzVXQUZmMnZOdGN5RWVhTk1iYzNIaEpaNWo4UXZ0WnN6b1Q5RWoycGQybXBSTG1PRWtpVFdqLWd3aA?oc=5,기후변화
바다가 보내는 기후 위기 신호 '바다에서 온 메시지'에 귀 기울이다 - 대한민국 정책브리핑,"<a href=""https://news.google.com/rss/articles/CBMiakFVX3lxTE9sTGtIY0Znb2xLZEdGNTBRYXU4ZFhzSzZFUGxTTW52WWpDN2p6cldzcHVsdkxVYXhXZXB6R1gtTS1pajl1clJrZFVOaG1VN2ZJblk1MWRHVDQycXlxTzVWaTZrbmowWHVwMlE?oc=5"" target=""_blank"">바다가 보내는 기후 위기 신호 '바다에서 온 메시지'에 귀 기울이다</a>&nbsp;&nbsp;<font color=""#6f6f6f"">대한민국 정책브리핑</font>",https://news.google.com/rss/articles/CBMiakFVX3lxTE9sTGtIY0Znb2xLZEdGNTBRYXU4ZFhzSzZFUGxTTW52WWpDN2p6cldzcHVsdkxVYXhXZXB6R1gtTS1pajl1clJrZFVOaG1VN2ZJblk1MWRHVDQycXlxTzVWaTZrbmowWHVwMlE?oc=5,기후변화
"“오늘을 관측해, 내일을 보호한다” - 환경일보","<a href=""https://news.google.com/rss/articles/CBMiaEFVX3lxTFBEM0xmc0lNaEhkb3lSRDVhS2hielFmWDVTd3RES214am9zRExYVE9pV1o5Z292QVU3QU1pU1o4aUE4WkZxbk1SOGhTdm9YSXBwN09FMkpqZllhZkM5TnlBaWJ3SlBJdnF6?oc=5"" target=""_blank"">“오늘을 관측해, 내일을 보호한다”</a>&nbsp;&nbsp;<font color=""#6f6f6f"">환경일보</font>",https://news.google.com/rss/articles/CBMiaEFVX3lxTFBEM0xmc0lNaEhkb3lSRDVhS2hielFmWDVTd3RES214am9zRExYVE9pV1o5Z292QVU3QU1pU1o4aUE4WkZxbk1SOGhTdm9YSXBwN09FMkpqZllhZkM5TnlBaWJ3SlBJdnF6?oc=5,기후변화
"광주기후에너지진흥원, '기후변화교육교사연구회 발대식' 힘찬 출발 - 전자신문","<a href=""https://news.google.com/rss/articles/CBMiTkFVX3lxTE10elJJblFIcnlMS21DblJXXzlIZXlXRGpNYkpjNGFqVWRVeGtaU3NwU3ZzclFiNVNWNm91RmZLSTFuQmFJMEEzV0lIQVhodw?oc=5"" target=""_blank"">광주기후에너지진흥원, '기후변화교육교사연구회 발대식' 힘찬 출발</a>&nbsp;&nbsp;<font color=""#6f6f6f"">전자신문</font>",https://news.google.com/rss/articles/CBMiTkFVX3lxTE10elJJblFIcnlMS21DblJXXzlIZXlXRGpNYkpjNGFqVWRVeGtaU3NwU3ZzclFiNVNWNm91RmZLSTFuQmFJMEEzV0lIQVhodw?oc=5,기후변화
"중국 과학자들, 아시아 13만년 기후변화 비밀을 풀었다 - 넷제로뉴스","<a href=""https://news.google.com/rss/articles/CBMiakFVX3lxTE1OLUp0dGFXaks2b0RHQ0RJLTdUY1RzX3lqNkxxWXRjMkdIUl9GcHo3a2pMOUwyeTZvZkZZTTlZRFhMVjJFMUhERXVFNTJsMFA5MDl6U2NKX1RkSS1hYTlvcXFwNGNFUnRtcnfSAW5BVV95cUxPamtSM0pSUE96UEtMTEh2V2c3VjJJWWRHWGRRNlBvekJNalluTnVrVTRpNURzN001QVdWS3NfWV9iVkp0QjJPUURPMGZRVUgxaXZSd2ltTFJxNjZIR2JZTTJEbl9YZVB5OUhlMkt4QQ?oc=5"" target=""_blank"">중국 과학자들, 아시아 13만년 기후변화 비밀을 풀었다</a>&nbsp;&nbsp;<font color=""#6f6f6f"">넷제로뉴스</font>",https://news.google.com/rss/articles/CBMiakFVX3lxTE1OLUp0dGFXaks2b0RHQ0RJLTdUY1RzX3lqNkxxWXRjMkdIUl9GcHo3a2pMOUwyeTZvZkZZTTlZRFhMVjJFMUhERXVFNTJsMFA5MDl6U2NKX1RkSS1hYTlvcXFwNGNFUnRtcnfSAW5BVV95cUxPamtSM0pSUE96UEtMTEh2V2c3VjJJWWRHWGRRNlBvekJNalluTnVrVTRpNURzN001QVdWS3NfWV9iVkp0QjJPUURPMGZRVUgxaXZSd2ltTFJxNjZIR2JZTTJEbl9YZVB5OUhlMkt4QQ?oc=5,기후변화
"한국기후변화연구원, 기후 정책 연구과제 11건 선정 - 강원일보","<a href=""https://news.google.com/rss/articles/CBMiYkFVX3lxTE9GRmtlTnpqUy15d2RlUEJMUlUzMEdBaEZ3S2gyNFRlRlRERXhfbFNFYUpyRFRzYmZvTWtLcFlfUk1vb1EwZXNFZ0I1Y3FfNkRGTFFuWmNESkxkNFBIaDcxSzd3?oc=5"" target=""_blank"">한국기후변화연구원, 기후 정책 연구과제 11건 선정</a>&nbsp;&nbsp;<font color=""#6f6f6f"">강원일보</font>",https://news.google.com/rss/articles/CBMiYkFVX3lxTE9GRmtlTnpqUy15d2RlUEJMUlUzMEdBaEZ3S2gyNFRlRlRERXhfbFNFYUpyRFRzYmZvTWtLcFlfUk1vb1EwZXNFZ0I1Y3FfNkRGTFFuWmNESkxkNFBIaDcxSzd3?oc=5,기후변화
"[사이테크+] ""300만년 기후변화 재구성…온실가스보다 바다 영향이 더 컸다"" - v.daum.net","<a href=""https://news.google.com/rss/articles/CBMiS0FVX3lxTFBQM2VpMzM0S1VyeVpRN2FEMnpEZGZQSzFSZ0ZkbGxrUExsY1I2dE9YeDdxU1l3Y1BfM1hjU2dtNm9hYkhGNnVSZ3N5cw?oc=5"" target=""_blank"">[사이테크+] ""300만년 기후변화 재구성…온실가스보다 바다 영향이 더 컸다""</a>&nbsp;&nbsp;<font color=""#6f6f6f"">v.daum.net</font>",https://news.google.com/rss/articles/CBMiS0FVX3lxTFBQM2VpMzM0S1VyeVpRN2FEMnpEZGZQSzFSZ0ZkbGxrUExsY1I2dE9YeDdxU1l3Y1BfM1hjU2dtNm9hYkhGNnVSZ3N5cw?oc=5,기후변화
"오픈클로 쇼크, AI 구독 시대 끝났다…반도체는 웃는다 [AI 에이전트 혁명] - 글로벌이코노믹","<a href=""https://news.google.com/rss/articles/CBMiiAFBVV95cUxPNzUzSlQ1ZDVsdjJDcVNPNzItbkNsV1FCZWdlWVhnQXA0eHZRQVhCWlF5RVBiWTlweF90WjNKYWZDdXFNYTVVdU1jZmhiN0d3N2FVbWNtVlpPRDJ6OFU1T2Iyd2lsdTNXRnVBSjFJdnBZenJPOENtRmpDai1NZEtTQVBBUzdTbXpO?oc=5"" target=""_blank"">오픈클로 쇼크, AI 구독 시대 끝났다…반도체는 웃는다 [AI 에이전트 혁명]</a>&nbsp;&nbsp;<font color=""#6f6f6f"">글로벌이코노믹</font>",https://news.google.com/rss/articles/CBMiiAFBVV95cUxPNzUzSlQ1ZDVsdjJDcVNPNzItbkNsV1FCZWdlWVhnQXA0eHZRQVhCWlF5RVBiWTlweF90WjNKYWZDdXFNYTVVdU1jZmhiN0d3N2FVbWNtVlpPRDJ6OFU1T2Iyd2lsdTNXRnVBSjFJdnBZenJPOENtRmpDai1NZEtTQVBBUzdTbXpO?oc=5,반도체
"최태원 ""2030년까지 반도체 부족... 하이닉스, 美증시 상장도 검토"" - 조선일보","<a href=""https://news.google.com/rss/articles/CBMijwFBVV95cUxORmxaakhzdGxRTW9haENRaW9ReE4zMkhCUXVoZk5oa2M3ekhTdkRMVHFnNEVQSnVubGNTR1cxSEItX0tnR3BKWTB3Z2ttek5XYlhRVkRRUVhpUTFlWWc1QXRYanBLenhXT2tEaXRqS09fNjZyMFo0MHM2c0swMm5vQXY0QzRFcGo2bFVWcE5Kbw?oc=5"" target=""_blank"">최태원 ""2030년까지 반도체 부족... 하이닉스, 美증시 상장도 검토""</a>&nbsp;&nbsp;<font color=""#6f6f6f"">조선일보</font>",https://news.google.com/rss/articles/CBMijwFBVV95cUxORmxaakhzdGxRTW9haENRaW9ReE4zMkhCUXVoZk5oa2M3ekhTdkRMVHFnNEVQSnVubGNTR1cxSEItX0tnR3BKWTB3Z2ttek5XYlhRVkRRUVhpUTFlWWc1QXRYanBLenhXT2tEaXRqS09fNjZyMFo0MHM2c0swMm5vQXY0QzRFcGo2bFVWcE5Kbw?oc=5,반도체
머스크 “반도체 직접 만들겠다” - 중앙일보,"<a href=""https://news.google.com/rss/articles/CBMiVkFVX3lxTE15Z2lsMkFvSnc2NXF3TE9pZ2JoR3cxMm5ZWFBaRHZPWEhaWndUUk5TcUUwb2NQVE4yZ0VobjBEY0RwQ0ZkTjFPelY1OVY5aENxOXI0VkV3?oc=5"" target=""_blank"">머스크 “반도체 직접 만들겠다”</a>&nbsp;&nbsp;<font color=""#6f6f6f"">중앙일보</font>",https://news.google.com/rss/articles/CBMiVkFVX3lxTE15Z2lsMkFvSnc2NXF3TE9pZ2JoR3cxMm5ZWFBaRHZPWEhaWndUUk5TcUUwb2NQVE4yZ0VobjBEY0RwQ0ZkTjFPelY1OVY5aENxOXI0VkV3?oc=5,반도체
"삼성전자, 'GaN 전력반도체' 양산…파운드리 영토 확장 - 디일렉","<a href=""https://news.google.com/rss/articles/CBMiZkFVX3lxTE96R0tILUJNc0tXbWZ4Zk05MjlveV8xR3NHQnJfMG14Rnhmc2txN01BdExid3ZzTDdXY0I1c29DWlAtZDYtNTAzOEh5SmJJNlNYaVJLTHRtZXVWdTRpREFnQUVnWkR3UQ?oc=5"" target=""_blank"">삼성전자, 'GaN 전력반도체' 양산…파운드리 영토 확장</a>&nbsp;&nbsp;<font color=""#6f6f6f"">디일렉</font>",https://news.google.com/rss/articles/CBMiZkFVX3lxTE96R0tILUJNc0tXbWZ4Zk05MjlveV8xR3NHQnJfMG14Rnhmc2txN01BdExid3ZzTDdXY0I1c29DWlAtZDYtNTAzOEh5SmJJNlNYaVJLTHRtZXVWdTRpREFnQUVnWkR3UQ?oc=5,반도체
이란 전쟁 여파 반도체까지 뻗나…삼성·SK '초비상' - 한국경제,"<a href=""https://news.google.com/rss/articles/CBMiWkFVX3lxTE51dVZJTzJHSjg1UnktWnVaaUJHOWsyaXFOR1JuM0djN2IxT0FqcU5GOG9JV0dKWHJkQnluQ1JQNFRCWnRxQlBSRkJPOVE2UkN3WmZHWWNGek11UdIBVEFVX3lxTE5WQnNPZFhRcWt4eHo0WnVSdzBHVFpMRXgybFVDLVN3YUhzejFNcnZERmpTWVB1TFZ5U1hIa1JQOTVJa2FyNEZQcERGZHkyaUU2c1ZtSQ?oc=5"" target=""_blank"">이란 전쟁 여파 반도체까지 뻗나…삼성·SK '초비상'</a>&nbsp;&nbsp;<font color=""#6f6f6f"">한국경제</font>",https://news.google.com/rss/articles/CBMiWkFVX3lxTE51dVZJTzJHSjg1UnktWnVaaUJHOWsyaXFOR1JuM0djN2IxT0FqcU5GOG9JV0dKWHJkQnluQ1JQNFRCWnRxQlBSRkJPOVE2UkN3WmZHWWNGek11UdIBVEFVX3lxTE5WQnNPZFhRcWt4eHo0WnVSdzBHVFpMRXgybFVDLVN3YUhzejFNcnZERmpTWVB1TFZ5U1hIa1JQOTVJa2FyNEZQcERGZHkyaUU2c1ZtSQ?oc=5,반도체
"머스크, 반도체 직접 만든다…""연봉 3.7억+주식"" 파격 채용 - v.daum.net","<a href=""https://news.google.com/rss/articles/CBMiT0FVX3lxTE9RVUtEcENodk5xUEdEWGJ4V3hTY0VKdkNUMGt2NnZWekRJV3VkNWJsNmhQN3U2OENVdEJtUnlVcnF4VHFYM1FiNkdyazlNUmM?oc=5"" target=""_blank"">머스크, 반도체 직접 만든다…""연봉 3.7억+주식"" 파격 채용</a>&nbsp;&nbsp;<font color=""#6f6f6f"">v.daum.net</font>",https://news.google.com/rss/articles/CBMiT0FVX3lxTE9RVUtEcENodk5xUEdEWGJ4V3hTY0VKdkNUMGt2NnZWekRJV3VkNWJsNmhQN3U2OENVdEJtUnlVcnF4VHFYM1FiNkdyazlNUmM?oc=5,반도체
'슈퍼마이크로' 충격에 반도체 지수 2%대 하락 … 메모리주도 급락 - 뉴데일리 경제,"<a href=""https://news.google.com/rss/articles/CBMie0FVX3lxTE1qYVBkOTBoenZZSHZXYmF6NFRQMFVMTF9falBPSUZLVkpWVXZHajc1dmtybkZldWVHQ01aZW54d3FybG9XWldpX1VLeG5IcXFfT3RYNjBpbXZfX1dLX2dFWm56cWsxU1RFSG1WX19ueF9IWHRqcGNyLTlCNA?oc=5"" target=""_blank"">'슈퍼마이크로' 충격에 반도체 지수 2%대 하락 … 메모리주도 급락</a>&nbsp;&nbsp;<font color=""#6f6f6f"">뉴데일리 경제</font>",https://news.google.com/rss/articles/CBMie0FVX3lxTE1qYVBkOTBoenZZSHZXYmF6NFRQMFVMTF9falBPSUZLVkpWVXZHajc1dmtybkZldWVHQ01aZW54d3FybG9XWldpX1VLeG5IcXFfT3RYNjBpbXZfX1dLX2dFWm56cWsxU1RFSG1WX19ueF9IWHRqcGNyLTlCNA?oc=5,반도체
"'K-엔비디아' 육성, 10조 원 AI·반도체 투자 - 전체 | 카드/한컷 - 대한민국 정책브리핑","<a href=""https://news.google.com/rss/articles/CBMiiwFBVV95cUxQc3MwanM4TWx5QXVZTW9lTDZFbXlINkNkb3lCTmw1UmpFLWgyeU9nOVYtX183RExJNGFwd3FrQ3h6WHpSdFRjTzBKdFRuUk9NMFJXZDcxZ18xX1ZTQ2pXS0V2Wk5UdDg5UDJsWmlENGFQYUFMbTl0blYyN3k5MVhpQjYwcUsyaEEyd1pV?oc=5"" target=""_blank"">'K-엔비디아' 육성, 10조 원 AI·반도체 투자 - 전체 | 카드/한컷</a>&nbsp;&nbsp;<font color=""#6f6f6f"">대한민국 정책브리핑</font>",https://news.google.com/rss/articles/CBMiiwFBVV95cUxQc3MwanM4TWx5QXVZTW9lTDZFbXlINkNkb3lCTmw1UmpFLWgyeU9nOVYtX183RExJNGFwd3FrQ3h6WHpSdFRjTzBKdFRuUk9NMFJXZDcxZ18xX1ZTQ2pXS0V2Wk5UdDg5UDJsWmlENGFQYUFMbTl0blYyN3k5MVhpQjYwcUsyaEEyd1pV?oc=5,반도체
이사 보수 한도 늘린 한미반도체···이사회 기술형 인재 ‘無’ - 시사저널e,"<a href=""https://news.google.com/rss/articles/CBMidkFVX3lxTFB4ZEZYV3lsdEpzeWl6WW9JN3RHUEJEZ1VmdzBXM0ZDR0FTWEZzdENJNWhzWXV5dmN1V1RwdUtJOC1jY3d2dUhMcWNwNU9MRWVZck52eU9DNEpPTzhzb2xIWlJPalVvV3ItUG43S3Y4bDVfQlJsM1HSAXZBVV95cUxQeGRGWFd5bHRKc3lpellvSTd0R1BCRGdVZncwVzNGQ0dBU1hGc3RDSTVoc1l1eXZjdVdUcHVLSTgtY2N3dnVITHFjcDVPTEVlWXJOdnlPQzRKT084c29sSFpST2pVb1dyLVBuN0t2OGw1X0JSbDNR?oc=5"" target=""_blank"">이사 보수 한도 늘린 한미반도체···이사회 기술형 인재 ‘無’</a>&nbsp;&nbsp;<font color=""#6f6f6f"">시사저널e</font>",https://news.google.com/rss/articles/CBMidkFVX3lxTFB4ZEZYV3lsdEpzeWl6WW9JN3RHUEJEZ1VmdzBXM0ZDR0FTWEZzdENJNWhzWXV5dmN1V1RwdUtJOC1jY3d2dUhMcWNwNU9MRWVZck52eU9DNEpPTzhzb2xIWlJPalVvV3ItUG43S3Y4bDVfQlJsM1HSAXZBVV95cUxQeGRGWFd5bHRKc3lpellvSTd0R1BCRGdVZncwVzNGQ0dBU1hGc3RDSTVoc1l1eXZjdVdUcHVLSTgtY2N3dnVITHFjcDVPTEVlWXJOdnlPQzRKT084c29sSFpST2pVb1dyLVBuN0t2OGw1X0JSbDNR?oc=5,반도체
GTC 2026에서 만난 삼성전자 AI 반도체의 미래 - samsung.com,"<a href=""https://news.google.com/rss/articles/CBMi3AFBVV95cUxOcksyem83Vm1LU2dzSFgtMzV3TFF4bmhscHFGNldqZU44SGhlWXRERURCeFJzNl9UZXp4RDZYMGZobkNScGZuVkpYTjlTNzE5NGtDOVh0MF9SWGlPQXZXdy1HTlZOb25lMGRIZUV1QlZuTDBpWHM2MlMxazJodVQ5Y3V6SlJkSnpaSnlqSDdZNm1xZW4zVlBtc1ZyME5jemdnQ25VaVpJeWpLYVF5d183STJkY3dDdVVGbEVnc0lhLWF3OHpnNUFJek4zbzFGcHZmYWlqYkFBcVpGS09G?oc=5"" target=""_blank"">GTC 2026에서 만난 삼성전자 AI 반도체의 미래</a>&nbsp;&nbsp;<font color=""#6f6f6f"">samsung.com</font>",https://news.google.com/rss/articles/CBMi3AFBVV95cUxOcksyem83Vm1LU2dzSFgtMzV3TFF4bmhscHFGNldqZU44SGhlWXRERURCeFJzNl9UZXp4RDZYMGZobkNScGZuVkpYTjlTNzE5NGtDOVh0MF9SWGlPQXZXdy1HTlZOb25lMGRIZUV1QlZuTDBpWHM2MlMxazJodVQ5Y3V6SlJkSnpaSnlqSDdZNm1xZW4zVlBtc1ZyME5jemdnQ25VaVpJeWpLYVF5d183STJkY3dDdVVGbEVnc0lhLWF3OHpnNUFJek4zbzFGcHZmYWlqYkFBcVpGS09G?oc=5,반도체
"""20년치 우주 방사선도 거뜬"" 공동연구팀, 우주용 AI 반도체 92.6% 정확 - 헬로디디","<a href=""https://news.google.com/rss/articles/CBMiakFVX3lxTFAxcENTVjNzbWVGS2JyakJtVnN5MFZCekNHNGptU2NoSE5CYVRCS0FuSTRaYkREQWVEMGVNUGNOR2c1WHZ2Q3Y0WDRLT0UyTVJ4TnhLQWVmZEJSUlEtcjFyalNQYU1WeHhFc1E?oc=5"" target=""_blank"">""20년치 우주 방사선도 거뜬"" 공동연구팀, 우주용 AI 반도체 92.6% 정확</a>&nbsp;&nbsp;<font color=""#6f6f6f"">헬로디디</font>",https://news.google.com/rss/articles/CBMiakFVX3lxTFAxcENTVjNzbWVGS2JyakJtVnN5MFZCekNHNGptU2NoSE5CYVRCS0FuSTRaYkREQWVEMGVNUGNOR2c1WHZ2Q3Y0WDRLT0UyTVJ4TnhLQWVmZEJSUlEtcjFyalNQYU1WeHhFc1E?oc=5,반도체
이란전쟁發 반도체 공급망 타격…AI 투자 1.5조달러 '흔들' [공급망 위기] - 글로벌이코노믹,"<a href=""https://news.google.com/rss/articles/CBMiiAFBVV95cUxQWEVRWHlqbEhWQURKMDd3WlRMdVFxZkFkZUVBTDJPYk4zaVYtOXhseklDOE93al9HWjNGc3hLVm5CSHJYU1lWZmcyUWQ4Q0JNUkc5RE5jelRQajZITWRaV2lwWWZBNjlHXzd6VmtEM1F0M3RVcENFUTBEbUtEdTNMWmpWbEp3U0Uz?oc=5"" target=""_blank"">이란전쟁發 반도체 공급망 타격…AI 투자 1.5조달러 '흔들' [공급망 위기]</a>&nbsp;&nbsp;<font color=""#6f6f6f"">글로벌이코노믹</font>",https://news.google.com/rss/articles/CBMiiAFBVV95cUxQWEVRWHlqbEhWQURKMDd3WlRMdVFxZkFkZUVBTDJPYk4zaVYtOXhseklDOE93al9HWjNGc3hLVm5CSHJYU1lWZmcyUWQ4Q0JNUkc5RE5jelRQajZITWRaV2lwWWZBNjlHXzd6VmtEM1F0M3RVcENFUTBEbUtEdTNMWmpWbEp3U0Uz?oc=5,반도체
성과급에 뿔난 삼성 노조 “반도체 생산 중단할 수도” - 조선일보,"<a href=""https://news.google.com/rss/articles/CBMigwFBVV95cUxQbHNDc3NDTEtlS2U0WFNlMW9OWGN0Y2ZpU2pkWmJFV05YbmJoMF9sYUxNbUVybWxBSUVWSzRjWF9KTnRzYWhheWlCVXptVHZnaFJoWUlwZ1hVZWE3V2JlNHZaNzJJYjNkUUxocHBBQkJWc1JvQVVVSnNMYm5FMEZSNk1kb9IBlwFBVV95cUxPTzFzS015Z2xLZzVhSzNuMk9pUlFTTzN2MFRMS1c1cG1ZdnFSUHFOSjBfbWJDV3hhdE1JR0VoT2cyLVhOYTN3N1Qta2N3bXlRSnJDM3dPekZwLVdUWDVHNnlCOHE0Q05ael9KdG1yN2t0Q29UU1Nqdi1rS0ZGWjZYMkZNSWIxQjljRUtFZnNtTTFITkx4amdr?oc=5"" target=""_blank"">성과급에 뿔난 삼성 노조 “반도체 생산 중단할 수도”</a>&nbsp;&nbsp;<font color=""#6f6f6f"">조선일보</font>",https://news.google.com/rss/articles/CBMigwFBVV95cUxQbHNDc3NDTEtlS2U0WFNlMW9OWGN0Y2ZpU2pkWmJFV05YbmJoMF9sYUxNbUVybWxBSUVWSzRjWF9KTnRzYWhheWlCVXptVHZnaFJoWUlwZ1hVZWE3V2JlNHZaNzJJYjNkUUxocHBBQkJWc1JvQVVVSnNMYm5FMEZSNk1kb9IBlwFBVV95cUxPTzFzS015Z2xLZzVhSzNuMk9pUlFTTzN2MFRMS1c1cG1ZdnFSUHFOSjBfbWJDV3hhdE1JR0VoT2cyLVhOYTN3N1Qta2N3bXlRSnJDM3dPekZwLVdUWDVHNnlCOHE0Q05ael9KdG1yN2t0Q29UU1Nqdi1rS0ZGWjZYMkZNSWIxQjljRUtFZnNtTTFITkx4amdr?oc=5,반도체
코스피와 반도체 그리고 이중 양극화 - 오피니언 | 뉴스 - 대한민국 정책브리핑,"<a href=""https://news.google.com/rss/articles/CBMijgFBVV95cUxQUXJuTUpidU9xNlJCRzBrbUJjMzdQV2tCZzBjeTRNR2lXYU1DR0J3WVdYTXVVSDVacDdKRklINmhfb21yTUZnZmtnYmV4bUlNR0VhSlgwaGhQbGE3RG9DMFJTOVl6RWhGNHItdk1yVGQzUXA2eU42TFRjMmh1MWNTOUdDQ0VyVzNfdFpMYXJR?oc=5"" target=""_blank"">코스피와 반도체 그리고 이중 양극화 - 오피니언 | 뉴스</a>&nbsp;&nbsp;<font color=""#6f6f6f"">대한민국 정책브리핑</font>",https://news.google.com/rss/articles/CBMijgFBVV95cUxQUXJuTUpidU9xNlJCRzBrbUJjMzdQV2tCZzBjeTRNR2lXYU1DR0J3WVdYTXVVSDVacDdKRklINmhfb21yTUZnZmtnYmV4bUlNR0VhSlgwaGhQbGE3RG9DMFJTOVl6RWhGNHItdk1yVGQzUXA2eU42TFRjMmh1MWNTOUdDQ0VyVzNfdFpMYXJR?oc=5,반도체
"파네시아-KAIST, 링크 반도체로 AX 실현 MOU - 디일렉","<a href=""https://news.google.com/rss/articles/CBMiZkFVX3lxTE5ZUWM2RWQweTB2T1Y0REhoVkpEMzVnRzQtUV9iWU1ZQk53RnB5ei1hM0RYd2VIZGpsQUg0QzkxaGdaLWhmZ0ZRU1daeXpyMDZrNTl4enBuT1FjM3VxaFViRlpfeGxSZw?oc=5"" target=""_blank"">파네시아-KAIST, 링크 반도체로 AX 실현 MOU</a>&nbsp;&nbsp;<font color=""#6f6f6f"">디일렉</font>",https://news.google.com/rss/articles/CBMiZkFVX3lxTE5ZUWM2RWQweTB2T1Y0REhoVkpEMzVnRzQtUV9iWU1ZQk53RnB5ei1hM0RYd2VIZGpsQUg0QzkxaGdaLWhmZ0ZRU1daeXpyMDZrNTl4enBuT1FjM3VxaFViRlpfeGxSZw?oc=5,반도체
‘사통팔달 용인’ 도로 대전환 청신호… 반도체 클러스터 연결 강화된다 - v.daum.net,"<a href=""https://news.google.com/rss/articles/CBMiRkFVX3lxTFA0WGtzMGktdTZvYU1uNlp6UU1vSlZ1cklfMWJsaGdwYk55Q2VjMDRfOU5oZjRwNUlxTEIzWnI2MzdYTXpiT1E?oc=5"" target=""_blank"">‘사통팔달 용인’ 도로 대전환 청신호… 반도체 클러스터 연결 강화된다</a>&nbsp;&nbsp;<font color=""#6f6f6f"">v.daum.net</font>",https://news.google.com/rss/articles/CBMiRkFVX3lxTFA0WGtzMGktdTZvYU1uNlp6UU1vSlZ1cklfMWJsaGdwYk55Q2VjMDRfOU5oZjRwNUlxTEIzWnI2MzdYTXpiT1E?oc=5,반도체
코스피 7000 가능한가... 반도체 슈퍼사이클 vs 외국인 45조 매도 - 글로벌이코노믹,"<a href=""https://news.google.com/rss/articles/CBMiiAFBVV95cUxNN01vVC16Y3ZuUjFjbjFJZEFGMmM4MEJOTXBaMldDcmxHbV9JYXN1bnpEWGF1Ry1vSGhlZ0RjaFVabzdSYklfS0FLY1RwMGpBRU93TTlrczdNc3lKRnVtSVZaSVhDdkxPOHBNbDRZd19LU2ZTZk9sMVRLVUMyTmZvdm9zcUoyRlcz?oc=5"" target=""_blank"">코스피 7000 가능한가... 반도체 슈퍼사이클 vs 외국인 45조 매도</a>&nbsp;&nbsp;<font color=""#6f6f6f"">글로벌이코노믹</font>",https://news.google.com/rss/articles/CBMiiAFBVV95cUxNN01vVC16Y3ZuUjFjbjFJZEFGMmM4MEJOTXBaMldDcmxHbV9JYXN1bnpEWGF1Ry1vSGhlZ0RjaFVabzdSYklfS0FLY1RwMGpBRU93TTlrczdNc3lKRnVtSVZaSVhDdkxPOHBNbDRZd19LU2ZTZk9sMVRLVUMyTmZvdm9zcUoyRlcz?oc=5,반도체
우주 방사선도 견디는 '차세대 AI 반도체 소자' 세계 첫 검증 - 대한민국 정책브리핑,"<a href=""https://news.google.com/rss/articles/CBMibEFVX3lxTE03QURJaWhGNmdtWFdWWjVfR1JFVXktZzVTUHR5bllCYVN5ZEsxY3FBaVZsV1A1djYyWXo4c0R2Q3JUWjExdXhSc3B3VDV0SmZKcEtqY0V3TnlIQTF4aDZnSlpOS3phVGY1Rm41aw?oc=5"" target=""_blank"">우주 방사선도 견디는 '차세대 AI 반도체 소자' 세계 첫 검증</a>&nbsp;&nbsp;<font color=""#6f6f6f"">대한민국 정책브리핑</font>",https://news.google.com/rss/articles/CBMibEFVX3lxTE03QURJaWhGNmdtWFdWWjVfR1JFVXktZzVTUHR5bllCYVN5ZEsxY3FBaVZsV1A1djYyWXo4c0R2Q3JUWjExdXhSc3B3VDV0SmZKcEtqY0V3TnlIQTF4aDZnSlpOS3phVGY1Rm41aw?oc=5,반도체
"[AI 반도체 대란] 삼성전자, 반도체 '5년 장기계약' 꺼냈다…AI 메모리 공급난 ""출구가 없다"" - 글로벌이코노믹","<a href=""https://news.google.com/rss/articles/CBMiiAFBVV95cUxNTUtia1VkYkZZaXhIRl83NUdQZXh3SVBNRFo4bi1aUWFnbW1EalNIbWhRcUhLSHpCcDJDOTloeTdPUGwzcllIVkFLdEozWEl5RkV4VzZmSFlvSnlJek1VcE11RVpIUmdCMFY3bzIxMXIyc2lTUjIzeXdTZVhVWUhjaWxBRkZ2VjVS?oc=5"" target=""_blank"">[AI 반도체 대란] 삼성전자, 반도체 '5년 장기계약' 꺼냈다…AI 메모리 공급난 ""출구가 없다""</a>&nbsp;&nbsp;<font color=""#6f6f6f"">글로벌이코노믹</font>",https://news.google.com/rss/articles/CBMiiAFBVV95cUxNTUtia1VkYkZZaXhIRl83NUdQZXh3SVBNRFo4bi1aUWFnbW1EalNIbWhRcUhLSHpCcDJDOTloeTdPUGwzcllIVkFLdEozWEl5RkV4VzZmSFlvSnlJek1VcE11RVpIUmdCMFY3bzIxMXIyc2lTUjIzeXdTZVhVWUhjaWxBRkZ2VjVS?oc=5,반도체
"美, ‘팍스 실리카’ 펀드 출범… “호르무즈 같은 상황, 반도체에선 안 돼” - 조선일보","<a href=""https://news.google.com/rss/articles/CBMihAFBVV95cUxQUnpoX2NCUmkzSkZPN1BvaWNwVTlIMnJRUTU3Mm5mMDFseko5TFoyWnhhaGNRWTFvWUp6WVR0d1ZHSXpKZ1BhMmZ2aXk3VUpsdERsRWR0dGZhZWNyVkM3aDhFbXROVFlaMkNZT0M4UEhsUXFlVThVZEt1azdnZEpkRDZiLUPSAZgBQVVfeXFMTkxzYjAtOEhCc2NtQUdCMnRNT29tMmpRdTJ0WXlWTUIzcHl5ekI2eXpYVm15aWF6c3l5VFU3MWxxcTRvUWctbWFxU19ZZDFNM2JMVFlQaVRoYjVPZVR3cENnQUc4bTVRb2U0UEItdlp1LWFDdVRCZl94eVhKNFZobWhNN3BZOWl2VE5BRVg2c3kycUtpNnJxbXk?oc=5"" target=""_blank"">美, ‘팍스 실리카’ 펀드 출범… “호르무즈 같은 상황, 반도체에선 안 돼”</a>&nbsp;&nbsp;<font color=""#6f6f6f"">조선일보</font>",https://news.google.com/rss/articles/CBMihAFBVV95cUxQUnpoX2NCUmkzSkZPN1BvaWNwVTlIMnJRUTU3Mm5mMDFseko5TFoyWnhhaGNRWTFvWUp6WVR0d1ZHSXpKZ1BhMmZ2aXk3VUpsdERsRWR0dGZhZWNyVkM3aDhFbXROVFlaMkNZT0M4UEhsUXFlVThVZEt1azdnZEpkRDZiLUPSAZgBQVVfeXFMTkxzYjAtOEhCc2NtQUdCMnRNT29tMmpRdTJ0WXlWTUIzcHl5ekI2eXpYVm15aWF6c3l5VFU3MWxxcTRvUWctbWFxU19ZZDFNM2JMVFlQaVRoYjVPZVR3cENnQUc4bTVRb2U0UEItdlp1LWFDdVRCZl94eVhKNFZobWhNN3BZOWl2VE5BRVg2c3kycUtpNnJxbXk?oc=5,반도체
AI 데이터센터 '800V' 전력설계 선점경쟁... GTC서 반도체 3사 격돌 - 디일렉,"<a href=""https://news.google.com/rss/articles/CBMiZkFVX3lxTE5La3N6Wjg4Uy1CODBrRHFfVjhoc3dGalNtX2l0QVFqNHk2c0tvNy1lTUdYS0dhSnRaV1laMWp6R2t5UF8zOFpwd19XTnNkc0U2OE9YQUpDRzZUWTBvS0NBVHpueXYydw?oc=5"" target=""_blank"">AI 데이터센터 '800V' 전력설계 선점경쟁... GTC서 반도체 3사 격돌</a>&nbsp;&nbsp;<font color=""#6f6f6f"">디일렉</font>",https://news.google.com/rss/articles/CBMiZkFVX3lxTE5La3N6Wjg4Uy1CODBrRHFfVjhoc3dGalNtX2l0QVFqNHk2c0tvNy1lTUdYS0dhSnRaV1laMWp6R2t5UF8zOFpwd19XTnNkc0U2OE9YQUpDRzZUWTBvS0NBVHpueXYydw?oc=5,반도체
감사원 컨설팅에 풀린 ‘반도체 물길’… 1년 지연 위기 탈출 - 조선일보,"<a href=""https://news.google.com/rss/articles/CBMihwFBVV95cUxOT1NVYU51MmlEMGZFbFJfTmQ2MGwwclBrZ3JPUFp3Tkg0RGY0bXo4dkQ4WlRqVUZnaVpPengxaHF6UFJFaklRRy05QXJSVXVPSDNaUXRpemNnR2RvT3BzZDRWT28xcGJiZ1VYVnc2QV9VdlpjYmphbGI3UVNOUXFCZkRkaUk0OFHSAZsBQVVfeXFMTTRZWWRIMUk3bVhrbUNodzJMX0NIUHN6OURhTzFIVy1WTFpaTFBISW1vX2J0dS03VGMydGQ2S3pUN3RsbWdJOEx6SmdPX3VQOGdWUGxBcVhjXzg5QWN3dnV1U2xfTDJlem5FN2pWdlh5NEVfdGgyTVV5b2VoVU16NEIwZXRWR0NzWkpmWm4tLWpvRDA3VVZUWlFmSms?oc=5"" target=""_blank"">감사원 컨설팅에 풀린 ‘반도체 물길’… 1년 지연 위기 탈출</a>&nbsp;&nbsp;<font color=""#6f6f6f"">조선일보</font>",https://news.google.com/rss/articles/CBMihwFBVV95cUxOT1NVYU51MmlEMGZFbFJfTmQ2MGwwclBrZ3JPUFp3Tkg0RGY0bXo4dkQ4WlRqVUZnaVpPengxaHF6UFJFaklRRy05QXJSVXVPSDNaUXRpemNnR2RvT3BzZDRWT28xcGJiZ1VYVnc2QV9VdlpjYmphbGI3UVNOUXFCZkRkaUk0OFHSAZsBQVVfeXFMTTRZWWRIMUk3bVhrbUNodzJMX0NIUHN6OURhTzFIVy1WTFpaTFBISW1vX2J0dS03VGMydGQ2S3pUN3RsbWdJOEx6SmdPX3VQOGdWUGxBcVhjXzg5QWN3dnV1U2xfTDJlem5FN2pWdlh5NEVfdGgyTVV5b2VoVU16NEIwZXRWR0NzWkpmWm4tLWpvRDA3VVZUWlFmSms?oc=5,반도체
우주 ‘방사선 폭격’ 견디는 AI 반도체 국내서 개발 - 동아일보,"<a href=""https://news.google.com/rss/articles/CBMib0FVX3lxTFBFZzN1WHludjFndG50Ump6V0RtdHBIRk5vazlWZHRGY2J1VXQ3TzBWZWQ2dkZVLV9wbWI4aC1VdzZNeHFYWUZobE5TTVA1cm9TT3ozWnlyX0FiN0J3alBOTzczSTBzUlpib2lWWWV5RdIBZkFVX3lxTE5MbFN0a1ozakZQRnVKcF9xZTNkaHZqWnE5VjVEcnIxQURWWVRuVlNhbTlRT0l2cjdHWUpKczdOWnFiakJ4TUNCdENwY25xTXBLU0FKVERoU2xWeWhTX3QxcUY0VEVVQQ?oc=5"" target=""_blank"">우주 ‘방사선 폭격’ 견디는 AI 반도체 국내서 개발</a>&nbsp;&nbsp;<font color=""#6f6f6f"">동아일보</font>",https://news.google.com/rss/articles/CBMib0FVX3lxTFBFZzN1WHludjFndG50Ump6V0RtdHBIRk5vazlWZHRGY2J1VXQ3TzBWZWQ2dkZVLV9wbWI4aC1VdzZNeHFYWUZobE5TTVA1cm9TT3ozWnlyX0FiN0J3alBOTzczSTBzUlpib2lWWWV5RdIBZkFVX3lxTE5MbFN0a1ozakZQRnVKcF9xZTNkaHZqWnE5VjVEcnIxQURWWVRuVlNhbTlRT0l2cjdHWUpKczdOWnFiakJ4TUNCdENwY25xTXBLU0FKVERoU2xWeWhTX3QxcUY0VEVVQQ?oc=5,반도체
"[AI반도체 패권 전쟁] HBM 완판·2나노 승부수… 삼성·마이크론, AI 반도체 '5년 황금기' 진입 - 글로벌이코노믹","<a href=""https://news.google.com/rss/articles/CBMihwFBVV95cUxObloyYW1ucG13OV9HQzc1dVBuTEp1Y3ZBNUxfMWd5MmJhb29FM3lHUmZ5cFpCbUZ5eVg3OEFKaENMMWFKaU90aG9PNzlKNU5zRVRIWHV0dGh0a3R1cnNqVGJ0LVpkSzBDaTl5MzBscldXQWNMM1Y1YUtwcW9yalBFa1UyWHg5TEE?oc=5"" target=""_blank"">[AI반도체 패권 전쟁] HBM 완판·2나노 승부수… 삼성·마이크론, AI 반도체 '5년 황금기' 진입</a>&nbsp;&nbsp;<font color=""#6f6f6f"">글로벌이코노믹</font>",https://news.google.com/rss/articles/CBMihwFBVV95cUxObloyYW1ucG13OV9HQzc1dVBuTEp1Y3ZBNUxfMWd5MmJhb29FM3lHUmZ5cFpCbUZ5eVg3OEFKaENMMWFKaU90aG9PNzlKNU5zRVRIWHV0dGh0a3R1cnNqVGJ0LVpkSzBDaTl5MzBscldXQWNMM1Y1YUtwcW9yalBFa1UyWHg5TEE?oc=5,반도체
‘반도체 수퍼사이클’인데…삼성 노조 '성과급 더' 총파업 임박 - 중앙일보,"<a href=""https://news.google.com/rss/articles/CBMiVkFVX3lxTE1XTG1iZ0NDWVdUREVlNTBadnRtSDZSbEdqTWZ4TVlDaV9ka2Y2ZnJtSXNHdlBzWk1reVI3YUg3Rm5uRWRUTWktOXczNGhQZG15R21tbGVn?oc=5"" target=""_blank"">‘반도체 수퍼사이클’인데…삼성 노조 '성과급 더' 총파업 임박</a>&nbsp;&nbsp;<font color=""#6f6f6f"">중앙일보</font>",https://news.google.com/rss/articles/CBMiVkFVX3lxTE1XTG1iZ0NDWVdUREVlNTBadnRtSDZSbEdqTWZ4TVlDaV9ka2Y2ZnJtSXNHdlBzWk1reVI3YUg3Rm5uRWRUTWktOXczNGhQZG15R21tbGVn?oc=5,반도체
"""영화 5편 1초만에"" ETRI, 빛→전기로 반도체 핵심 소자 개발 - 헬로디디","<a href=""https://news.google.com/rss/articles/CBMiakFVX3lxTE82cjVabjNjVUlwWmt4Nmpob2RYSzVfS3V6QnJvTU0yQUg0a0NxaXRuaU1LYjBQQnFCY3RwRFIwOVVFbFBadmJlTmFIY3FqbDk3RVZqeFU3SjBzQVNXSW9wT2Jya21aVVduY2c?oc=5"" target=""_blank"">""영화 5편 1초만에"" ETRI, 빛→전기로 반도체 핵심 소자 개발</a>&nbsp;&nbsp;<font color=""#6f6f6f"">헬로디디</font>",https://news.google.com/rss/articles/CBMiakFVX3lxTE82cjVabjNjVUlwWmt4Nmpob2RYSzVfS3V6QnJvTU0yQUg0a0NxaXRuaU1LYjBQQnFCY3RwRFIwOVVFbFBadmJlTmFIY3FqbDk3RVZqeFU3SjBzQVNXSW9wT2Jya21aVVduY2c?oc=5,반도체
용인 공동주택연합회 정기회의 '반도체 클러스터 등 현안 논의' - 한국아파트신문,"<a href=""https://news.google.com/rss/articles/CBMiaEFVX3lxTFBMVmQ5LVA5bzdyQTZwWDl3bmZ1bEttTUdYbVo1cUJ5cnVqdWh5SU1EVnd3RHVWcTc5cDJZaVlGR0ZIQWlZWmFlbU1BcnJvXzdzNVBQb1FVRXFPc2R6N3VoTUZiM1VnMmw5?oc=5"" target=""_blank"">용인 공동주택연합회 정기회의 '반도체 클러스터 등 현안 논의'</a>&nbsp;&nbsp;<font color=""#6f6f6f"">한국아파트신문</font>",https://news.google.com/rss/articles/CBMiaEFVX3lxTFBMVmQ5LVA5bzdyQTZwWDl3bmZ1bEttTUdYbVo1cUJ5cnVqdWh5SU1EVnd3RHVWcTc5cDJZaVlGR0ZIQWlZWmFlbU1BcnJvXzdzNVBQb1FVRXFPc2R6N3VoTUZiM1VnMmw5?oc=5,반도체
우주 방사선도 견디는 '차세대 AI 반도체' 세계 첫 검증 성공 - 헬로티,"<a href=""https://news.google.com/rss/articles/CBMiX0FVX3lxTE9peHp2ZldEdmdpd2dNVHZBZHY4bFMxd1dpa3VXNy0wbDU3OFFET1BWRjJkODdUTjhGVlJ2YnRmNFpRbGNCdV9DYS15aEVLWkFJMHd2OVIxSV9ISlZEMTZB?oc=5"" target=""_blank"">우주 방사선도 견디는 '차세대 AI 반도체' 세계 첫 검증 성공</a>&nbsp;&nbsp;<font color=""#6f6f6f"">헬로티</font>",https://news.google.com/rss/articles/CBMiX0FVX3lxTE9peHp2ZldEdmdpd2dNVHZBZHY4bFMxd1dpa3VXNy0wbDU3OFFET1BWRjJkODdUTjhGVlJ2YnRmNFpRbGNCdV9DYS15aEVLWkFJMHd2OVIxSV9ISlZEMTZB?oc=5,반도체
"모빌린트-인탑스, AI 반도체 기반 스마트 제조 혁신 ‘맞손’ - 헬로티","<a href=""https://news.google.com/rss/articles/CBMiX0FVX3lxTFBEM0FMZXpKY2F5elJvT0lpTFVvV29hT0hzYVR5N1VJLVRZSk9CcDI1eHJUblBCVmY3X25sTHJEcDFWbFVVdGs1NGphMXpLeE9vV3ZIakVEZzlnTG1QaHJN?oc=5"" target=""_blank"">모빌린트-인탑스, AI 반도체 기반 스마트 제조 혁신 ‘맞손’</a>&nbsp;&nbsp;<font color=""#6f6f6f"">헬로티</font>",https://news.google.com/rss/articles/CBMiX0FVX3lxTFBEM0FMZXpKY2F5elJvT0lpTFVvV29hT0hzYVR5N1VJLVRZSk9CcDI1eHJUblBCVmY3X25sTHJEcDFWbFVVdGs1NGphMXpLeE9vV3ZIakVEZzlnTG1QaHJN?oc=5,반도체
"'슈퍼마이크로 충격' 엔비디아 3% 급락, 반도체지수 2.45%↓(종합2) - 뉴스1","<a href=""https://news.google.com/rss/articles/CBMiWEFVX3lxTFBTOXJ0Z25aNjl2S0pKT19DLWhBZDhoOXBNRzlzM3NReXFuZE1VMHdGM0xuUmpLMlJtcWhwUENoeHBTRWVuUHlUdmVkNVhPTUw1elc3dE5nX08?oc=5"" target=""_blank"">'슈퍼마이크로 충격' 엔비디아 3% 급락, 반도체지수 2.45%↓(종합2)</a>&nbsp;&nbsp;<font color=""#6f6f6f"">뉴스1</font>",https://news.google.com/rss/articles/CBMiWEFVX3lxTFBTOXJ0Z25aNjl2S0pKT19DLWhBZDhoOXBNRzlzM3NReXFuZE1VMHdGM0xuUmpLMlJtcWhwUENoeHBTRWVuUHlUdmVkNVhPTUw1elc3dE5nX08?oc=5,반도체
국민 3명 중 1명 주식 투자…주식부자 1등은 '강남 사는 50대 남성' - 중앙일보,"<a href=""https://news.google.com/rss/articles/CBMiVkFVX3lxTE10Wkp5blRCX1VsdDNublEwcTlIYkpQMEw0VmpORWJSdmZXR0pzNmczTUozQjdQUzdfY3JIREo1VHhhN21pV3pqc2VNYjBUbzNtU1hFUl93?oc=5"" target=""_blank"">국민 3명 중 1명 주식 투자…주식부자 1등은 '강남 사는 50대 남성'</a>&nbsp;&nbsp;<font color=""#6f6f6f"">중앙일보</font>",https://news.google.com/rss/articles/CBMiVkFVX3lxTE10Wkp5blRCX1VsdDNublEwcTlIYkpQMEw0VmpORWJSdmZXR0pzNmczTUozQjdQUzdfY3JIREo1VHhhN21pV3pqc2VNYjBUbzNtU1hFUl93?oc=5,주식
"2026년, 이 7가지 주식을 모아가는 이유 - 네이버 프리미엄콘텐츠","<a href=""https://news.google.com/rss/articles/CBMiiwFBVV95cUxPRHBUMm5rNXQ4MkZkS19oYVp0TmppYmk2QmhnR0ZxcTBpQ2VaQW9mZk94ZzRFWnp6bUs0WEIwUGdGdlowUHZNWVZ2VTU3SzAwVDZGb1dXOWVPb09HdjNPandBM3paSjVCZjVFMnRPcXpzWndaZGQ3Rk9rNUNWdW1TenljV0hpUUdDcDJN?oc=5"" target=""_blank"">2026년, 이 7가지 주식을 모아가는 이유</a>&nbsp;&nbsp;<font color=""#6f6f6f"">네이버 프리미엄콘텐츠</font>",https://news.google.com/rss/articles/CBMiiwFBVV95cUxPRHBUMm5rNXQ4MkZkS19oYVp0TmppYmk2QmhnR0ZxcTBpQ2VaQW9mZk94ZzRFWnp6bUs0WEIwUGdGdlowUHZNWVZ2VTU3SzAwVDZGb1dXOWVPb09HdjNPandBM3paSjVCZjVFMnRPcXpzWndaZGQ3Rk9rNUNWdW1TenljV0hpUUdDcDJN?oc=5,주식
李 “주식 판 돈 왜 이틀뒤 주나”…거래소 “하루로 당기겠다” - 동아일보,"<a href=""https://news.google.com/rss/articles/CBMid0FVX3lxTE9yQ19wd2FKZkd0c1loSGtGVnl3SklPOVFxNHRtUjJRV1lMWmZCSUljd1hNZFRIU3JUNnZseGVibW9LZUhodktId0hvR2FFLXJ5eUN6ZmJjRDl0V2wwS1R3WjU3RUl6bU8xN0ZSNlV3c1QyMWMxU0RJ0gFmQVVfeXFMTWdxS0xtU2VfVFVzcFRSQW1ZSTZkdzdsSHdVbkl5UG1sYVF3YXNnY0xhdU9iMFZYSFRYd3RBZnJ4S0EwclNVVmZGRHd1VkpfQ01WaHRhMDBCblNxeU1CMFdNWW82cXBB?oc=5"" target=""_blank"">李 “주식 판 돈 왜 이틀뒤 주나”…거래소 “하루로 당기겠다”</a>&nbsp;&nbsp;<font color=""#6f6f6f"">동아일보</font>",https://news.google.com/rss/articles/CBMid0FVX3lxTE9yQ19wd2FKZkd0c1loSGtGVnl3SklPOVFxNHRtUjJRV1lMWmZCSUljd1hNZFRIU3JUNnZseGVibW9LZUhodktId0hvR2FFLXJ5eUN6ZmJjRDl0V2wwS1R3WjU3RUl6bU8xN0ZSNlV3c1QyMWMxU0RJ0gFmQVVfeXFMTWdxS0xtU2VfVFVzcFRSQW1ZSTZkdzdsSHdVbkl5UG1sYVF3YXNnY0xhdU9iMFZYSFRYd3RBZnJ4S0EwclNVVmZGRHd1VkpfQ01WaHRhMDBCblNxeU1CMFdNWW82cXBB?oc=5,주식
"이 대통령 “주식 오늘 팔았는데, 돈은 왜 이틀 뒤에 주나···조정 검토” - 경향신문","<a href=""https://news.google.com/rss/articles/CBMiWkFVX3lxTE9MYThlNnViNWNzVjhMb3NQTHE0aXJYNkNyYXoxcEx3TE5kT2hPSHZrU2diZmJyLVVpRE1hSWRtdTZha3NCVmotNXEyemlmc2x3VURTaGR0eVh5QdIBX0FVX3lxTE1VVTh0NjdCaUE5VW13YTA5SWsxcHNBSC1vc3h3ZWwzY1JXRXVUTkZyS05iUWZoeDJka0pRa0loOWY5QWJVTGJ6Y0Ftd24xS2lET1B4Z3NWTlZhdGxPRmVr?oc=5"" target=""_blank"">이 대통령 “주식 오늘 팔았는데, 돈은 왜 이틀 뒤에 주나···조정 검토”</a>&nbsp;&nbsp;<font color=""#6f6f6f"">경향신문</font>",https://news.google.com/rss/articles/CBMiWkFVX3lxTE9MYThlNnViNWNzVjhMb3NQTHE0aXJYNkNyYXoxcEx3TE5kT2hPSHZrU2diZmJyLVVpRE1hSWRtdTZha3NCVmotNXEyemlmc2x3VURTaGR0eVh5QdIBX0FVX3lxTE1VVTh0NjdCaUE5VW13YTA5SWsxcHNBSC1vc3h3ZWwzY1JXRXVUTkZyS05iUWZoeDJka0pRa0loOWY5QWJVTGJ6Y0Ftd24xS2lET1B4Z3NWTlZhdGxPRmVr?oc=5,주식
RIA 계좌 도입 법안 국회 상임위 통과···5월까지 해외 주식 팔고 국내 투자하면 양도세 100% 감면 - 조선일보,"<a href=""https://news.google.com/rss/articles/CBMijgFBVV95cUxQTF9HNTRpZ3JpZ25pLWJKNXNzT29vQXRMaFhzcnFlY08xQks3Y203SndybHFhTDFjLWl4VDBuY0VRNDU4SlBUaU9qRXdMTXNlR2lPdi1tY09WS0dLYUJjbjdZdDZTUEI3MkY2bnE4RG4xSDBQSk01aVRsYTk5UVhDcG5RcjJOSTY3YW55cjBR0gGiAUFVX3lxTE1JQ1FVQVdkaFdmYV9KZHVucGtTNVVvd0FPMndXZlpCTDhqWUU3TzZHeHpsRmZxUzB1MGQ3M3FZaFlCbVhjSHhZaWE5YlIydmVGTEZLN3VEWHFOUGJYVDRGUndrcjExZHgtemRtTzBxUEVwazlBXzJVZi04T0dlSDU0S1VaSDA2Z0FHRXRCMkxWSi1HS2JlR20zV2pRRmR4VVFIZw?oc=5"" target=""_blank"">RIA 계좌 도입 법안 국회 상임위 통과···5월까지 해외 주식 팔고 국내 투자하면 양도세 100% 감면</a>&nbsp;&nbsp;<font color=""#6f6f6f"">조선일보</font>",https://news.google.com/rss/articles/CBMijgFBVV95cUxQTF9HNTRpZ3JpZ25pLWJKNXNzT29vQXRMaFhzcnFlY08xQks3Y203SndybHFhTDFjLWl4VDBuY0VRNDU4SlBUaU9qRXdMTXNlR2lPdi1tY09WS0dLYUJjbjdZdDZTUEI3MkY2bnE4RG4xSDBQSk01aVRsYTk5UVhDcG5RcjJOSTY3YW55cjBR0gGiAUFVX3lxTE1JQ1FVQVdkaFdmYV9KZHVucGtTNVVvd0FPMndXZlpCTDhqWUU3TzZHeHpsRmZxUzB1MGQ3M3FZaFlCbVhjSHhZaWE5YlIydmVGTEZLN3VEWHFOUGJYVDRGUndrcjExZHgtemRtTzBxUEVwazlBXzJVZi04T0dlSDU0S1VaSDA2Z0FHRXRCMkxWSi1HS2JlR20zV2pRRmR4VVFIZw?oc=5,주식
"이 대통령 “주식 오늘 팔았는데, 왜 돈을 모레 주냐…조정 검토” - 한겨레","<a href=""https://news.google.com/rss/articles/CBMia0FVX3lxTFBaTmsxZmtZeEFFa3ZhcVNRVGt1RDJWa05QeGhWQWJ5ajlJcjhjdjl3Q0JCbGF5Z19hVFJRX1lFSW1LbWJPcjRpRUlnZjRLaXVoQWZ0aklKZUxsZDNDRTBBZ2dsVUs0ZG9NZWZN?oc=5"" target=""_blank"">이 대통령 “주식 오늘 팔았는데, 왜 돈을 모레 주냐…조정 검토”</a>&nbsp;&nbsp;<font color=""#6f6f6f"">한겨레</font>",https://news.google.com/rss/articles/CBMia0FVX3lxTFBaTmsxZmtZeEFFa3ZhcVNRVGt1RDJWa05QeGhWQWJ5ajlJcjhjdjl3Q0JCbGF5Z19hVFJRX1lFSW1LbWJPcjRpRUlnZjRLaXVoQWZ0aklKZUxsZDNDRTBBZ2dsVUs0ZG9NZWZN?oc=5,주식
"주식거래대금 지급일, 2영업일 뒤에서 하루 단축 추진 - 농민신문","<a href=""https://news.google.com/rss/articles/CBMiWkFVX3lxTE5jZVRWbE0xNmNmRnRxSEU0LTJCNldCUG5CRkt4cmNBVl9GcmFXelVoQllNZXFwcWR4VWpPRHZZRkxGeWZYX0gwUF8tRG5BNng4c3J4a0tkUHAxUQ?oc=5"" target=""_blank"">주식거래대금 지급일, 2영업일 뒤에서 하루 단축 추진</a>&nbsp;&nbsp;<font color=""#6f6f6f"">농민신문</font>",https://news.google.com/rss/articles/CBMiWkFVX3lxTE5jZVRWbE0xNmNmRnRxSEU0LTJCNldCUG5CRkt4cmNBVl9GcmFXelVoQllNZXFwcWR4VWpPRHZZRkxGeWZYX0gwUF8tRG5BNng4c3J4a0tkUHAxUQ?oc=5,주식
[주식] 3월 코스닥 상장 아이엠바이오·카나프테라퓨틱스 '급락' - 히트뉴스,"<a href=""https://news.google.com/rss/articles/CBMia0FVX3lxTE9sZDY3SWtZX0NCUzJSdDZpeEIzcFJsYVQ5VHhaNGQxaFF3NE0xVFZmMWpLRGkxX1VBUGtITFFtRnFZQnIxZjlZYWZndUZWcGt3NEJNLTczVXNwaUFvTy1mQnMwby1DbWhHQ2tr?oc=5"" target=""_blank"">[주식] 3월 코스닥 상장 아이엠바이오·카나프테라퓨틱스 '급락'</a>&nbsp;&nbsp;<font color=""#6f6f6f"">히트뉴스</font>",https://news.google.com/rss/articles/CBMia0FVX3lxTE9sZDY3SWtZX0NCUzJSdDZpeEIzcFJsYVQ5VHhaNGQxaFF3NE0xVFZmMWpLRGkxX1VBUGtITFFtRnFZQnIxZjlZYWZndUZWcGt3NEJNLTczVXNwaUFvTy1mQnMwby1DbWhHQ2tr?oc=5,주식
해외주식 국내복귀 계좌 ‘RIA’ 상품 오늘부터 출시 - KBS 뉴스,"<a href=""https://news.google.com/rss/articles/CBMiW0FVX3lxTE1vLUVHY0h4dXBsT0traWMwQURrV2o2TlF4UU85X0Z2ZkhzU2NuSmJaTmhtckxab3RBZUhINEMwZUJKcThqYzRoSXBDWDhRcWNvbTBSYzR1M0otajQ?oc=5"" target=""_blank"">해외주식 국내복귀 계좌 ‘RIA’ 상품 오늘부터 출시</a>&nbsp;&nbsp;<font color=""#6f6f6f"">KBS 뉴스</font>",https://news.google.com/rss/articles/CBMiW0FVX3lxTE1vLUVHY0h4dXBsT0traWMwQURrV2o2TlF4UU85X0Z2ZkhzU2NuSmJaTmhtckxab3RBZUhINEMwZUJKcThqYzRoSXBDWDhRcWNvbTBSYzR1M0otajQ?oc=5,주식
[단독] ‘아침7시 주식거래’ 9월로 연기…증권업계 요구 다 들어줬다 - 매일경제,"<a href=""https://news.google.com/rss/articles/CBMiUkFVX3lxTFBIRzFSVEVqQmtudVhBelNkY3RMVjJITUFxMW4ydWpObWNaWXA1dDA5Vld4aDExd2hfX01hSGhpdGxlVEM2OWF4X3VHcVZyZm5pZmc?oc=5"" target=""_blank"">[단독] ‘아침7시 주식거래’ 9월로 연기…증권업계 요구 다 들어줬다</a>&nbsp;&nbsp;<font color=""#6f6f6f"">매일경제</font>",https://news.google.com/rss/articles/CBMiUkFVX3lxTFBIRzFSVEVqQmtudVhBelNkY3RMVjJITUFxMW4ydWpObWNaWXA1dDA5Vld4aDExd2hfX01hSGhpdGxlVEM2OWF4X3VHcVZyZm5pZmc?oc=5,주식
"삼성전자, 7.1조 자사주 취득…'임직원 주식 보상' 활용 - 연합인포맥스","<a href=""https://news.google.com/rss/articles/CBMicEFVX3lxTE03V25Fb0VSbjgza2g3a0NucS1jNXJob2VIVkJ6dHBBd096a0x5ODZNXzVXdU5jMzh3SVJENUZIZTdtODhhd3VGeDlVd0VPXzFLR0ZEckZDQlowZWdGRkZ0bTRIU1ZuN29WNHRTSDhDUDE?oc=5"" target=""_blank"">삼성전자, 7.1조 자사주 취득…'임직원 주식 보상' 활용</a>&nbsp;&nbsp;<font color=""#6f6f6f"">연합인포맥스</font>",https://news.google.com/rss/articles/CBMicEFVX3lxTE03V25Fb0VSbjgza2g3a0NucS1jNXJob2VIVkJ6dHBBd096a0x5ODZNXzVXdU5jMzh3SVJENUZIZTdtODhhd3VGeDlVd0VPXzFLR0ZEckZDQlowZWdGRkZ0bTRIU1ZuN29WNHRTSDhDUDE?oc=5,주식
"""증권사가 내 주식 다 팔았어요""…금감원, '반대매매 주의보' [강진규의 데이터너머] - 한국경제","<a href=""https://news.google.com/rss/articles/CBMiWkFVX3lxTFBqazEwd2VpcEZzRHVwQmRSUE9xZnB3aHNJRlNPalBLb1BTRHBHeVR2UW1xTVl0SmY0YXVmekZ4VkFMa3hHRUpRc2dMMk9vVWl0REJjWGJqMjF6UdIBVEFVX3lxTE9MTDJwTzhjWFlWTE5hSEFsQUdRaXVwbHY0dDdidmlVUlcyTHU0U0NmRnYzN0NlNnpEUnRqZkNfMlNNUmRyS1NjOERyUDRMU0Q5a1lxVg?oc=5"" target=""_blank"">""증권사가 내 주식 다 팔았어요""…금감원, '반대매매 주의보' [강진규의 데이터너머]</a>&nbsp;&nbsp;<font color=""#6f6f6f"">한국경제</font>",https://news.google.com/rss/articles/CBMiWkFVX3lxTFBqazEwd2VpcEZzRHVwQmRSUE9xZnB3aHNJRlNPalBLb1BTRHBHeVR2UW1xTVl0SmY0YXVmekZ4VkFMa3hHRUpRc2dMMk9vVWl0REJjWGJqMjF6UdIBVEFVX3lxTE9MTDJwTzhjWFlWTE5hSEFsQUdRaXVwbHY0dDdidmlVUlcyTHU0U0NmRnYzN0NlNnpEUnRqZkNfMlNNUmRyS1NjOERyUDRMU0Q5a1lxVg?oc=5,주식
李 “주식 판 돈 왜 이틀 뒤 주나”…거래소 “지급 하루 단축 준비 중”(종합) - 국제신문,"<a href=""https://news.google.com/rss/articles/CBMijgFBVV95cUxNZGdUdnJMdUF0U1NaYVVwYWFsQ0tiUEV3TlVIdlZoVEdLTHpBRWdiWUs4d2RKd1JaSUhQTU82QUZVOGRIMlZOUkk5RnZ6MkRsd1dJNnpaZGdRcW1HN3NTeVV0WHlVdGhCanNOa2dEMmIyZnZVWEVHVF9VbTRYTDE4UzRJeEp1ZExKZ3RnU29R?oc=5"" target=""_blank"">李 “주식 판 돈 왜 이틀 뒤 주나”…거래소 “지급 하루 단축 준비 중”(종합)</a>&nbsp;&nbsp;<font color=""#6f6f6f"">국제신문</font>",https://news.google.com/rss/articles/CBMijgFBVV95cUxNZGdUdnJMdUF0U1NaYVVwYWFsQ0tiUEV3TlVIdlZoVEdLTHpBRWdiWUs4d2RKd1JaSUhQTU82QUZVOGRIMlZOUkk5RnZ6MkRsd1dJNnpaZGdRcW1HN3NTeVV0WHlVdGhCanNOa2dEMmIyZnZVWEVHVF9VbTRYTDE4UzRJeEp1ZExKZ3RnU29R?oc=5,주식
[속보] 미국 주식 하락 이유 - 네이버 프리미엄콘텐츠,"<a href=""https://news.google.com/rss/articles/CBMiiwFBVV95cUxQSkE2VlFmcnRLZEdnTld5dTJIUmdkUVNVZ2U5VVZLRkJ1eTVEQW5ZRUphOF8ycmp5dDFzSkdJY0Nwc1ZWckxGYWlodFo2OEFTMkVYTGNuX2RGRGIxbEdoSnpBT043S2xhdGoycWVfYVVEUWdvS2pSU0pDdXBpWlZaLVRLalJscGtoZGg4?oc=5"" target=""_blank"">[속보] 미국 주식 하락 이유</a>&nbsp;&nbsp;<font color=""#6f6f6f"">네이버 프리미엄콘텐츠</font>",https://news.google.com/rss/articles/CBMiiwFBVV95cUxQSkE2VlFmcnRLZEdnTld5dTJIUmdkUVNVZ2U5VVZLRkJ1eTVEQW5ZRUphOF8ycmp5dDFzSkdJY0Nwc1ZWckxGYWlodFo2OEFTMkVYTGNuX2RGRGIxbEdoSnpBT043S2xhdGoycWVfYVVEUWdvS2pSU0pDdXBpWlZaLVRLalJscGtoZGg4?oc=5,주식
"李 ""주식 판 돈 왜 이틀 뒤 주나""…거래소, 결제일 단축 나선다 - 중앙일보","<a href=""https://news.google.com/rss/articles/CBMiVkFVX3lxTE5PTjk4SmJYUnI2V3VMOVRsRzBpZ1VFeVE5Tnk3NHpEbGdpRElRZGVGYmtPVDE3Yk56bXE1c21jYjhhWkxLUThYQWtrblJZNFVsb1BzZHNn?oc=5"" target=""_blank"">李 ""주식 판 돈 왜 이틀 뒤 주나""…거래소, 결제일 단축 나선다</a>&nbsp;&nbsp;<font color=""#6f6f6f"">중앙일보</font>",https://news.google.com/rss/articles/CBMiVkFVX3lxTE5PTjk4SmJYUnI2V3VMOVRsRzBpZ1VFeVE5Tnk3NHpEbGdpRElRZGVGYmtPVDE3Yk56bXE1c21jYjhhWkxLUThYQWtrblJZNFVsb1BzZHNn?oc=5,주식
美 SEC “코인은 주식 아닌 상품”... 10년 규제 족쇄 풀렸다 - 조선일보,"<a href=""https://news.google.com/rss/articles/CBMijgFBVV95cUxQWmNpbHlZaktLS01DcDNXWjRfV1V2YmF1RXNYMUdQZTBkV1p5R3N5X21ib1hGcWFJczZvRmVMb2k2UVNzMWxRSU1IWEFKdEdNbHhhTWRnMXdXVGFtWENjcHc2S3V0TDhvUGNZMEwxN29qMHZQbUx2RE1wWk0ybkFmczEzZ09lM2dzcWlzSFR30gGiAUFVX3lxTE1EbXpIS2xzSEh0akhrTk9UaDFpQl9wTzZ3a2hlZFFmeGhSU0hUWGdURWtWd2JoS3N4a0lSdk84T1pxVUMySDF5SnRlbmJvV1pXNFFWemUwaTJlRWlvVkQyQkpic0stdUdnV04xbTYyWmdIblM2enpBNU5aTU52LVdmNjZ5V0JtcVRVQmQ4V0JFeVpwMjhVd0haZl9JVmlnSHZ6dw?oc=5"" target=""_blank"">美 SEC “코인은 주식 아닌 상품”... 10년 규제 족쇄 풀렸다</a>&nbsp;&nbsp;<font color=""#6f6f6f"">조선일보</font>",https://news.google.com/rss/articles/CBMijgFBVV95cUxQWmNpbHlZaktLS01DcDNXWjRfV1V2YmF1RXNYMUdQZTBkV1p5R3N5X21ib1hGcWFJczZvRmVMb2k2UVNzMWxRSU1IWEFKdEdNbHhhTWRnMXdXVGFtWENjcHc2S3V0TDhvUGNZMEwxN29qMHZQbUx2RE1wWk0ybkFmczEzZ09lM2dzcWlzSFR30gGiAUFVX3lxTE1EbXpIS2xzSEh0akhrTk9UaDFpQl9wTzZ3a2hlZFFmeGhSU0hUWGdURWtWd2JoS3N4a0lSdk84T1pxVUMySDF5SnRlbmJvV1pXNFFWemUwaTJlRWlvVkQyQkpic0stdUdnV04xbTYyWmdIblM2enpBNU5aTU52LVdmNjZ5V0JtcVRVQmQ4V0JFeVpwMjhVd0haZl9JVmlnSHZ6dw?oc=5,주식
"[주식] 아이엠바이오로직스, 코스닥 상장 첫 날 300%↑ - 히트뉴스","<a href=""https://news.google.com/rss/articles/CBMia0FVX3lxTE1XNHFYa3B3cE1IN2l3MUJ3RnY4eldVZ0JrU2Y1LVJDUVVGNXZnd2MxMjctaXZmdGFhTnBjeXA5T2M1QzM5VnhCa0ExZTJMc3BfS21JSXR5WkN1Z1ROenFMZFFMQ3dOZk9JU3VZ?oc=5"" target=""_blank"">[주식] 아이엠바이오로직스, 코스닥 상장 첫 날 300%↑</a>&nbsp;&nbsp;<font color=""#6f6f6f"">히트뉴스</font>",https://news.google.com/rss/articles/CBMia0FVX3lxTE1XNHFYa3B3cE1IN2l3MUJ3RnY4eldVZ0JrU2Y1LVJDUVVGNXZnd2MxMjctaXZmdGFhTnBjeXA5T2M1QzM5VnhCa0ExZTJMc3BfS21JSXR5WkN1Z1ROenFMZFFMQ3dOZk9JU3VZ?oc=5,주식
[주식 시장을 이해하라 1장] 주식 시장은 돈이 아니라 인간이 움직인다. - 네이버 프리미엄콘텐츠,"<a href=""https://news.google.com/rss/articles/CBMikgFBVV95cUxPNE90M25QVmh5LXk4VURZSDNMLXIyOVBJSkNPblBkZEN5NEQySFZjM05sbjF0RE9ueHlXb2Jnd25WZlJPbGpYZzhMUzRZc1ZnRHJGRFR0cHR0OFBRVlQtZUpGQ3lfa0ZaV3lBTnBMTWZVZkhJMUpOa1lUTVBRX1RPZ2FIYjdtS09ERjRsTXNYTlJJQQ?oc=5"" target=""_blank"">[주식 시장을 이해하라 1장] 주식 시장은 돈이 아니라 인간이 움직인다.</a>&nbsp;&nbsp;<font color=""#6f6f6f"">네이버 프리미엄콘텐츠</font>",https://news.google.com/rss/articles/CBMikgFBVV95cUxPNE90M25QVmh5LXk4VURZSDNMLXIyOVBJSkNPblBkZEN5NEQySFZjM05sbjF0RE9ueHlXb2Jnd25WZlJPbGpYZzhMUzRZc1ZnRHJGRFR0cHR0OFBRVlQtZUpGQ3lfa0ZaV3lBTnBMTWZVZkhJMUpOa1lUTVBRX1RPZ2FIYjdtS09ERjRsTXNYTlJJQQ?oc=5,주식
李 “주식 오늘 팔았는데 왜 돈은 모레 주나… 조정 검토” - 조선일보,"<a href=""https://news.google.com/rss/articles/CBMiiAFBVV95cUxPQWRlQU50SVFwMmxZZHh2SlR5Y3Nxd3U0VUVsQ1A3RnBUSm9oUjREakhaTWx0a0xUQ0pKbjY2dkdLTENlN2h1ZE9tQ2JXU2dMUVp6T3ZiRXRoRS10Y3ZsckVSMUZrV3B4dDFEYU9GLVVDajh6bi1KbzFldTRUcFFzei1XY3ZQaS1X0gGcAUFVX3lxTE4xTGpxSVJtakJWekt4di1TdWVOY3J1ZjN2bmpOaHVyRV9xT1RXUkxfeXlBWktPcmdESjkwc3AzRkpDakVmWEt6QWlhaXdjY0dPUEExMHhFS2dFcFVYTFBEZjZNTWZoeGFEUTNLYjVVVXJ2OUc1QUd3al9ScFBsUC1TcWZ1MWFYTHdsc0NTTXRPS21aUWxFOFBlZ1N6ZA?oc=5"" target=""_blank"">李 “주식 오늘 팔았는데 왜 돈은 모레 주나… 조정 검토”</a>&nbsp;&nbsp;<font color=""#6f6f6f"">조선일보</font>",https://news.google.com/rss/articles/CBMiiAFBVV95cUxPQWRlQU50SVFwMmxZZHh2SlR5Y3Nxd3U0VUVsQ1A3RnBUSm9oUjREakhaTWx0a0xUQ0pKbjY2dkdLTENlN2h1ZE9tQ2JXU2dMUVp6T3ZiRXRoRS10Y3ZsckVSMUZrV3B4dDFEYU9GLVVDajh6bi1KbzFldTRUcFFzei1XY3ZQaS1X0gGcAUFVX3lxTE4xTGpxSVJtakJWekt4di1TdWVOY3J1ZjN2bmpOaHVyRV9xT1RXUkxfeXlBWktPcmdESjkwc3AzRkpDakVmWEt6QWlhaXdjY0dPUEExMHhFS2dFcFVYTFBEZjZNTWZoeGFEUTNLYjVVVXJ2OUc1QUd3al9ScFBsUC1TcWZ1MWFYTHdsc0NTTXRPS21aUWxFOFBlZ1N6ZA?oc=5,주식
"삼성생명·삼성화재, 삼성전자 주식 매각 결정...총 1조4600억원어치 - 조선일보","<a href=""https://news.google.com/rss/articles/CBMijgFBVV95cUxOaElRbTYwdzRINTVKbmxMbnBINUs0TW9tWnBfZmVRbm1uVS1OVzdLVzVjNUtBTm9yX21icE4zaTdhSS1BblhMQ2FibTIxMFp0UjRKN0ttaGFhVFVydk9iQkJUODNCQmE5a25FVnVUQVM1QlhUUE5Vel9ndFNQc0pZZndwQ2JhdDJIS2Mtem5B0gGiAUFVX3lxTE4xeVRUUTJRR3pqQXM5c2NoWGNla1M5RHBCcVg0RWpONEh2NmJXV2RaTU1hUHNVYnZ4OXFqU0hUSFFMOUV3Y3lZYlYwR3JwTlF6azhxT0tLSS1LbGo0V1FRU2xOX201NDIwRk5tUzlPSlU3T1hfVHFmTmdDeUxtQ3ZxbTZheENTYm8tT2ZXQWRkS2RPdDNFdGdQZVkyMjJjd0pzQQ?oc=5"" target=""_blank"">삼성생명·삼성화재, 삼성전자 주식 매각 결정...총 1조4600억원어치</a>&nbsp;&nbsp;<font color=""#6f6f6f"">조선일보</font>",https://news.google.com/rss/articles/CBMijgFBVV95cUxOaElRbTYwdzRINTVKbmxMbnBINUs0TW9tWnBfZmVRbm1uVS1OVzdLVzVjNUtBTm9yX21icE4zaTdhSS1BblhMQ2FibTIxMFp0UjRKN0ttaGFhVFVydk9iQkJUODNCQmE5a25FVnVUQVM1QlhUUE5Vel9ndFNQc0pZZndwQ2JhdDJIS2Mtem5B0gGiAUFVX3lxTE4xeVRUUTJRR3pqQXM5c2NoWGNla1M5RHBCcVg0RWpONEh2NmJXV2RaTU1hUHNVYnZ4OXFqU0hUSFFMOUV3Y3lZYlYwR3JwTlF6azhxT0tLSS1LbGo0V1FRU2xOX201NDIwRk5tUzlPSlU3T1hfVHFmTmdDeUxtQ3ZxbTZheENTYm8tT2ZXQWRkS2RPdDNFdGdQZVkyMjJjd0pzQQ?oc=5,주식
주식 거래시간 연장 두고 “노동권 침해” 우려 - 매일노동뉴스,"<a href=""https://news.google.com/rss/articles/CBMicEFVX3lxTE9kb3p5Y3l3cHV3ZkpyaVhOWV9GTG4zTHNHSDRDdGEtZGJYLWplVXkxM2lEOTJjMi1WVW1RSG9fUkUzM2kwRGhNTHdXUUZ0ak5ONklPYk91SWljTDhUWEhja3JRV3BYcGRfSkFoZjRVUEE?oc=5"" target=""_blank"">주식 거래시간 연장 두고 “노동권 침해” 우려</a>&nbsp;&nbsp;<font color=""#6f6f6f"">매일노동뉴스</font>",https://news.google.com/rss/articles/CBMicEFVX3lxTE9kb3p5Y3l3cHV3ZkpyaVhOWV9GTG4zTHNHSDRDdGEtZGJYLWplVXkxM2lEOTJjMi1WVW1RSG9fUkUzM2kwRGhNTHdXUUZ0ak5ONklPYk91SWljTDhUWEhja3JRV3BYcGRfSkFoZjRVUEE?oc=5,주식
"李 ""주식 팔았는데 왜 돈은 이틀 뒤?""…해법으로 떠오른 '주식 토큰' - 뉴스1","<a href=""https://news.google.com/rss/articles/CBMiZkFVX3lxTE1XcmtMRGd1YVV5TF9GTGdaMm95c200WjZidTBsQTN2ZkRYYXk5SHA1RHZXOHpCUHlaRlp5OGhDTFNiaWZnM19KU1JreU94UmcwbWdmamVwcTNzX09IX1pMSzJ6M1Nrdw?oc=5"" target=""_blank"">李 ""주식 팔았는데 왜 돈은 이틀 뒤?""…해법으로 떠오른 '주식 토큰'</a>&nbsp;&nbsp;<font color=""#6f6f6f"">뉴스1</font>",https://news.google.com/rss/articles/CBMiZkFVX3lxTE1XcmtMRGd1YVV5TF9GTGdaMm95c200WjZidTBsQTN2ZkRYYXk5SHA1RHZXOHpCUHlaRlp5OGhDTFNiaWZnM19KU1JreU94UmcwbWdmamVwcTNzX09IX1pMSzJ6M1Nrdw?oc=5,주식
[주식] 소룩스 매각된 '차백신연구소'...주가 30% 급등 - 히트뉴스,"<a href=""https://news.google.com/rss/articles/CBMia0FVX3lxTE1SRE01QU41X3VkUjIxY2J2ejcwU3FrNVdJU2VDN0ZINW15LTJLbUptSlowMXItRXBTNjlxWUxidmN2NmkzSmlDZGd3MTJUaF9SZzluR2lvd3F6c0JpaVo2cHRJUXlkbFlueHpR?oc=5"" target=""_blank"">[주식] 소룩스 매각된 '차백신연구소'...주가 30% 급등</a>&nbsp;&nbsp;<font color=""#6f6f6f"">히트뉴스</font>",https://news.google.com/rss/articles/CBMia0FVX3lxTE1SRE01QU41X3VkUjIxY2J2ejcwU3FrNVdJU2VDN0ZINW15LTJLbUptSlowMXItRXBTNjlxWUxidmN2NmkzSmlDZGd3MTJUaF9SZzluR2lvd3F6c0JpaVo2cHRJUXlkbFlueHpR?oc=5,주식
[단독] 삼성전자 로봇사 인수할 때 주식 1억3천만원어치 산 직원 수사 - 한겨레,"<a href=""https://news.google.com/rss/articles/CBMickFVX3lxTFBISHNhZmZyc2tKa1htT096bk1JMmFMZG1ua3FqcXlhX3Y4a2R4RUU3dWZHSW1QaXRuVi1JeFBmMFFoVXV4bkJiRWxOdC1sOU04VlN2Ulg0Xy1HSE9jaVJ6c3BlN3FXQjAwVEk2NGstaFJaUQ?oc=5"" target=""_blank"">[단독] 삼성전자 로봇사 인수할 때 주식 1억3천만원어치 산 직원 수사</a>&nbsp;&nbsp;<font color=""#6f6f6f"">한겨레</font>",https://news.google.com/rss/articles/CBMickFVX3lxTFBISHNhZmZyc2tKa1htT096bk1JMmFMZG1ua3FqcXlhX3Y4a2R4RUU3dWZHSW1QaXRuVi1JeFBmMFFoVXV4bkJiRWxOdC1sOU04VlN2Ulg0Xy1HSE9jaVJ6c3BlN3FXQjAwVEk2NGstaFJaUQ?oc=5,주식
생활비까지 털어 주식 산다?…일본 ‘NISA거지’를 아십니까 - 조선일보,"<a href=""https://news.google.com/rss/articles/CBMihgFBVV95cUxPaWdua2hMbVVXQkxCNHlyMVFoZVY2OElIYUJhalRGUlNhb1pHQVBOR0VLdVRENVIyOXF2YUVDTmQ0cS1ldUNtVU1DNGwyMnoyVDh3MUVVS0pjaHhVeUxXaktxQ09aVkFfVFAweGZFcWc2SnVqOUNkTUFEZlNqZTAyZ1plRHBTQdIBmgFBVV95cUxQZHNjX1J1djZMNEphTHZnWVlleXVPVjVYaUU0Z3NRTE01c0hsa3JJMXBKeURBS2YtSUtWTy1rNEpiTjJXRDR4S2NWNTYxU0lKRHJoUC1EUUY2bjh3b3d5TnBUZFBhdXlVcUh3aXE5OE40eGdTRVBEckF2dlduRk5iQmFIWmV2dmdjNWV4S2hWUHpqTHFXQTdSWnVB?oc=5"" target=""_blank"">생활비까지 털어 주식 산다?…일본 ‘NISA거지’를 아십니까</a>&nbsp;&nbsp;<font color=""#6f6f6f"">조선일보</font>",https://news.google.com/rss/articles/CBMihgFBVV95cUxPaWdua2hMbVVXQkxCNHlyMVFoZVY2OElIYUJhalRGUlNhb1pHQVBOR0VLdVRENVIyOXF2YUVDTmQ0cS1ldUNtVU1DNGwyMnoyVDh3MUVVS0pjaHhVeUxXaktxQ09aVkFfVFAweGZFcWc2SnVqOUNkTUFEZlNqZTAyZ1plRHBTQdIBmgFBVV95cUxQZHNjX1J1djZMNEphTHZnWVlleXVPVjVYaUU0Z3NRTE01c0hsa3JJMXBKeURBS2YtSUtWTy1rNEpiTjJXRDR4S2NWNTYxU0lKRHJoUC1EUUY2bjh3b3d5TnBUZFBhdXlVcUh3aXE5OE40eGdTRVBEckF2dlduRk5iQmFIWmV2dmdjNWV4S2hWUHpqTHFXQTdSWnVB?oc=5,주식
이 대통령 독려한 ‘주식 결제 주기’ 단축…업계 “2~3년 걸려” - 한겨레,"<a href=""https://news.google.com/rss/articles/CBMickFVX3lxTE1fbl9yQWFvMXg0SkszWldtNzh1eGJhblVZaUJ2VlFqVUd0cUJoOFdrN3RscG5RMDVFQ3BGN2JHVHowMFJ3VnJpWjFuRktOU21tN0NESU8zRjcySW5UUUhGYV8zVW5GQkx3YUdLNGwxdThPdw?oc=5"" target=""_blank"">이 대통령 독려한 ‘주식 결제 주기’ 단축…업계 “2~3년 걸려”</a>&nbsp;&nbsp;<font color=""#6f6f6f"">한겨레</font>",https://news.google.com/rss/articles/CBMickFVX3lxTE1fbl9yQWFvMXg0SkszWldtNzh1eGJhblVZaUJ2VlFqVUd0cUJoOFdrN3RscG5RMDVFQ3BGN2JHVHowMFJ3VnJpWjFuRktOU21tN0NESU8zRjcySW5UUUhGYV8zVW5GQkx3YUdLNGwxdThPdw?oc=5,주식
“오전 7시부터 밤 8시까지” 주식 거래 길어진다… 9월 14일 확정 - v.daum.net,"<a href=""https://news.google.com/rss/articles/CBMiRkFVX3lxTFBZTjVzTVZrRWZtX05oS2ZINjlOb0F1dVNKSERrQk1MdGZpanQzcGZWQndxQUhFRHRLYzA3TE5ibWF5SWtpcXc?oc=5"" target=""_blank"">“오전 7시부터 밤 8시까지” 주식 거래 길어진다… 9월 14일 확정</a>&nbsp;&nbsp;<font color=""#6f6f6f"">v.daum.net</font>",https://news.google.com/rss/articles/CBMiRkFVX3lxTFBZTjVzTVZrRWZtX05oS2ZINjlOb0F1dVNKSERrQk1MdGZpanQzcGZWQndxQUhFRHRLYzA3TE5ibWF5SWtpcXc?oc=5,주식
"당일 주식 팔면 돈 바로 다음날 들어온다···이 대통령 “자본시장 개혁, 지금이 기회” - 경향신문","<a href=""https://news.google.com/rss/articles/CBMiWkFVX3lxTFBhQmVPYTgydXJJNmttYy0zOFBzTXdTX1Z5ZDF0ZXlEcW1aQzdDZElNb0NiUnF4dlY2TkhJQUozRlo1M3I1bXE0MUtITHNKMHhjYmdIWFZDZTNPd9IBX0FVX3lxTE9sSkdodG9GTjV1YTZ5X2tENTlNUEZWcW94TXhya3pNTl9qU1RqZzRZRUlfYU9uVDZaUGpQTzFobnY3OUtwWmhSbVM0SHY5WUxwYkhYVU1VSU02Q3I0ci00?oc=5"" target=""_blank"">당일 주식 팔면 돈 바로 다음날 들어온다···이 대통령 “자본시장 개혁, 지금이 기회”</a>&nbsp;&nbsp;<font color=""#6f6f6f"">경향신문</font>",https://news.google.com/rss/articles/CBMiWkFVX3lxTFBhQmVPYTgydXJJNmttYy0zOFBzTXdTX1Z5ZDF0ZXlEcW1aQzdDZElNb0NiUnF4dlY2TkhJQUozRlo1M3I1bXE0MUtITHNKMHhjYmdIWFZDZTNPd9IBX0FVX3lxTE9sSkdodG9GTjV1YTZ5X2tENTlNUEZWcW94TXhya3pNTl9qU1RqZzRZRUlfYU9uVDZaUGpQTzFobnY3OUtwWmhSbVM0SHY5WUxwYkhYVU1VSU02Q3I0ci00?oc=5,주식
[생글기자 코너] 주식투자 열풍 타고 주목받는 ETF - 생글생글,"<a href=""https://news.google.com/rss/articles/CBMiW0FVX3lxTE1hTDlSaE1SMlcyaGZiYjJCUV9uelZqakpucUwxeUplLXlQMWRxT2l2YmtTRTc0bWdRVHlQQjhIRlRBekpjMVQ3WVlPTDkwUkdkcjczQTduOEZUWEE?oc=5"" target=""_blank"">[생글기자 코너] 주식투자 열풍 타고 주목받는 ETF</a>&nbsp;&nbsp;<font color=""#6f6f6f"">생글생글</font>",https://news.google.com/rss/articles/CBMiW0FVX3lxTE1hTDlSaE1SMlcyaGZiYjJCUV9uelZqakpucUwxeUplLXlQMWRxT2l2YmtTRTc0bWdRVHlQQjhIRlRBekpjMVQ3WVlPTDkwUkdkcjczQTduOEZUWEE?oc=5,주식
주식 반등이 나와도 불안한 이유? - 네이버 프리미엄콘텐츠,"<a href=""https://news.google.com/rss/articles/CBMiiwFBVV95cUxOajhCNE5TbXJsQkYwUV9OQ1BtSGF6TzVfY3JpOG5YeldlZjFYLWJTRTEtd2VpZmVuUEtTMWV4WnBkTVFxOFNYYUFQOC1GZXRwSTVUUFFMMm1zc2JEY1o2M05mOU1HTzRiaFRfdTJzSE9STjZkaWhWSGhzQlJnWklUbHlVanRzc05IbTBR?oc=5"" target=""_blank"">주식 반등이 나와도 불안한 이유?</a>&nbsp;&nbsp;<font color=""#6f6f6f"">네이버 프리미엄콘텐츠</font>",https://news.google.com/rss/articles/CBMiiwFBVV95cUxOajhCNE5TbXJsQkYwUV9OQ1BtSGF6TzVfY3JpOG5YeldlZjFYLWJTRTEtd2VpZmVuUEtTMWV4WnBkTVFxOFNYYUFQOC1GZXRwSTVUUFFMMm1zc2JEY1o2M05mOU1HTzRiaFRfdTJzSE9STjZkaWhWSGhzQlJnWklUbHlVanRzc05IbTBR?oc=5,주식
"이 대통령 “다주택 공직자, 부동산 정책서 배제”…누가 해당? - 한겨레","<a href=""https://news.google.com/rss/articles/CBMia0FVX3lxTFBQdks2UDg0U1dreXdlWV9kby1NdTdua1VkVEJvZ29EZ2pHc3I2M2c2cmZfQ2VvbXpNcWo5R2IyMV9GaDdlN3BJUWs3YVVMNGhEN0Mxcmd5NlJJQWlQcmUxSlp6WmhxWnVHVnI4?oc=5"" target=""_blank"">이 대통령 “다주택 공직자, 부동산 정책서 배제”…누가 해당?</a>&nbsp;&nbsp;<font color=""#6f6f6f"">한겨레</font>",https://news.google.com/rss/articles/CBMia0FVX3lxTFBQdks2UDg0U1dreXdlWV9kby1NdTdua1VkVEJvZ29EZ2pHc3I2M2c2cmZfQ2VvbXpNcWo5R2IyMV9GaDdlN3BJUWs3YVVMNGhEN0Mxcmd5NlJJQWlQcmUxSlp6WmhxWnVHVnI4?oc=5,부동산
"[속보] 李대통령 ""부동산 정책서 다주택 공직자 배제"" - 중앙일보","<a href=""https://news.google.com/rss/articles/CBMiVkFVX3lxTE1xYkVwMDdZMlphQ2loVUIzZWFCcXFuVUtPS1Z4UDZhZ1NQMWZtRXlCY05sZlBOWHhaREhOcVhIVzZuUm9WczNBWGQ1QllabHlLVW9PdUxB?oc=5"" target=""_blank"">[속보] 李대통령 ""부동산 정책서 다주택 공직자 배제""</a>&nbsp;&nbsp;<font color=""#6f6f6f"">중앙일보</font>",https://news.google.com/rss/articles/CBMiVkFVX3lxTE1xYkVwMDdZMlphQ2loVUIzZWFCcXFuVUtPS1Z4UDZhZ1NQMWZtRXlCY05sZlBOWHhaREhOcVhIVzZuUm9WczNBWGQ1QllabHlLVW9PdUxB?oc=5,부동산
"李, 다주택 공직자 부동산 정책 논의서 배제 지시 - 동아일보","<a href=""https://news.google.com/rss/articles/CBMid0FVX3lxTFAtWTNxNFJqaXpZVnh0QWZ6X1FlR0E2YUdlb1B6Q2JUM3pPY3pPRC1KYVEyT2FXcGFLbWxUc01raUJXU1lJLW1RUy1Ba2diaHJhQUhhVEtGSDN0dEN0NTg2ZzFyYkw5NG9MWlBBUmVVa2t2ZEFrR3hz0gFmQVVfeXFMTXRLVDVpbjVFZnFUZjdNclZhQklzQnJiVlpSa2FWakZsUUkyZ3lCa0xEQVZhekpYQXRLRjdhYl9WSzNVaHNPcG5SNHRyV0R1Wml0QlFvVTVVVFJDelMwQUVLUVpJamt3?oc=5"" target=""_blank"">李, 다주택 공직자 부동산 정책 논의서 배제 지시</a>&nbsp;&nbsp;<font color=""#6f6f6f"">동아일보</font>",https://news.google.com/rss/articles/CBMid0FVX3lxTFAtWTNxNFJqaXpZVnh0QWZ6X1FlR0E2YUdlb1B6Q2JUM3pPY3pPRC1KYVEyT2FXcGFLbWxUc01raUJXU1lJLW1RUy1Ba2diaHJhQUhhVEtGSDN0dEN0NTg2ZzFyYkw5NG9MWlBBUmVVa2t2ZEFrR3hz0gFmQVVfeXFMTXRLVDVpbjVFZnFUZjdNclZhQklzQnJiVlpSa2FWakZsUUkyZ3lCa0xEQVZhekpYQXRLRjdhYl9WSzNVaHNPcG5SNHRyV0R1Wml0QlFvVTVVVFJDelMwQUVLUVpJamt3?oc=5,부동산
전월세 계약 막막한 청년 주목…'부동산 무료 교육' 신청하세요! - 서울특별시,"<a href=""https://news.google.com/rss/articles/CBMiWEFVX3lxTE95YnJBcGFaV0lTR0dQZ1RSQTc0djhiV0cwaC1hTXpMMEk5Mzd0R0pQZkFFY3BhUHl6U1JmajJlQk1qZmZJOGJxYnNqTUdrbWJqUEhOOGJDa3U?oc=5"" target=""_blank"">전월세 계약 막막한 청년 주목…'부동산 무료 교육' 신청하세요!</a>&nbsp;&nbsp;<font color=""#6f6f6f"">서울특별시</font>",https://news.google.com/rss/articles/CBMiWEFVX3lxTE95YnJBcGFaV0lTR0dQZ1RSQTc0djhiV0cwaC1hTXpMMEk5Mzd0R0pQZkFFY3BhUHl6U1JmajJlQk1qZmZJOGJxYnNqTUdrbWJqUEhOOGJDa3U?oc=5,부동산
[단독] 지난해 해외 부동산 취득에 8800억원 송금 - 조선일보,"<a href=""https://news.google.com/rss/articles/CBMijgFBVV95cUxPSHpsMHFlY3pDendMemt0c3o3NEt5Y2xJRjd0N3ZKeDlBR19XeGJmZXJDUlJ6UklwTHppLTdna1ZRNE9lNkNSRjk3dXJlWnVSOVUxSTh2bm0xeXZiZldLZ3ZNVDlnNWlHNXM1ZU9KTUFwb3RSck9YNGw5WkxNNVhwTFZMME9ram1PV18zaGxn0gGiAUFVX3lxTE1rR0RlUlN6Ui1yaE11UXBrWWpNbzR1TURNNzZoQ3R1UGdzSTVfTEs4cGwyN3I1MHdDclYxYnQ0SENvdk9fNElQUmpmTi1ORDQ0UjVnNjA4LVllTWFvVnBrdEN0bjktSkpHb0kydFpEUVZmMHRPRldHbk5yajZUREhfUjNNdjZTOXBrbTQ5ZVUtTkFpUnUyZGhuV1BTazlVZEJlUQ?oc=5"" target=""_blank"">[단독] 지난해 해외 부동산 취득에 8800억원 송금</a>&nbsp;&nbsp;<font color=""#6f6f6f"">조선일보</font>",https://news.google.com/rss/articles/CBMijgFBVV95cUxPSHpsMHFlY3pDendMemt0c3o3NEt5Y2xJRjd0N3ZKeDlBR19XeGJmZXJDUlJ6UklwTHppLTdna1ZRNE9lNkNSRjk3dXJlWnVSOVUxSTh2bm0xeXZiZldLZ3ZNVDlnNWlHNXM1ZU9KTUFwb3RSck9YNGw5WkxNNVhwTFZMME9ram1PV18zaGxn0gGiAUFVX3lxTE1rR0RlUlN6Ui1yaE11UXBrWWpNbzR1TURNNzZoQ3R1UGdzSTVfTEs4cGwyN3I1MHdDclYxYnQ0SENvdk9fNElQUmpmTi1ORDQ0UjVnNjA4LVllTWFvVnBrdEN0bjktSkpHb0kydFpEUVZmMHRPRldHbk5yajZUREhfUjNNdjZTOXBrbTQ5ZVUtTkFpUnUyZGhuV1BTazlVZEJlUQ?oc=5,부동산
"이 대통령 “다주택·부동산 과다보유자, 부동산 정책 라인 배제…0.1% 구멍도 안 돼” - 경향신문","<a href=""https://news.google.com/rss/articles/CBMiWkFVX3lxTE5hUEQxTTBxNHFmS0w3aTB6U3NIc2dQRWVtbnpKRzdtZW5NaDlJSHBVaUlFa1czUG9aSDBYTXkxaEUyX3FYVC0zbnVydFhxYUplUFp4Z05qVGFjd9IBX0FVX3lxTFBmYjdFWnk5dXhDUHA1Ni1iRThONWtLSG1CQ3RrZm5mWFV1R2FPSzJTVzdyMzRhdmd6ZlAxN2dkN1VCdS1GTUp5NTBjV25wcU9aYkV2a3VMTG5tSThoN0Y4?oc=5"" target=""_blank"">이 대통령 “다주택·부동산 과다보유자, 부동산 정책 라인 배제…0.1% 구멍도 안 돼”</a>&nbsp;&nbsp;<font color=""#6f6f6f"">경향신문</font>",https://news.google.com/rss/articles/CBMiWkFVX3lxTE5hUEQxTTBxNHFmS0w3aTB6U3NIc2dQRWVtbnpKRzdtZW5NaDlJSHBVaUlFa1czUG9aSDBYTXkxaEUyX3FYVC0zbnVydFhxYUplUFp4Z05qVGFjd9IBX0FVX3lxTFBmYjdFWnk5dXhDUHA1Ni1iRThONWtLSG1CQ3RrZm5mWFV1R2FPSzJTVzdyMzRhdmd6ZlAxN2dkN1VCdS1GTUp5NTBjV25wcU9aYkV2a3VMTG5tSThoN0Y4?oc=5,부동산
"[속보] 李대통령, 다주택 공직자 부동산 정책 논의서 배제 지시 - 매일경제","<a href=""https://news.google.com/rss/articles/CBMiVkFVX3lxTFBHdG5oMzhPTzJUdDgyeDM1d3lybnV1TE5uU19rektSNTB0c3RKSGNsam1RY19Ta0YwMTM5R3ltcFE0UDZxb01lSkt3VWhFbDVvZHFtSFFB?oc=5"" target=""_blank"">[속보] 李대통령, 다주택 공직자 부동산 정책 논의서 배제 지시</a>&nbsp;&nbsp;<font color=""#6f6f6f"">매일경제</font>",https://news.google.com/rss/articles/CBMiVkFVX3lxTFBHdG5oMzhPTzJUdDgyeDM1d3lybnV1TE5uU19rektSNTB0c3RKSGNsam1RY19Ta0YwMTM5R3ltcFE0UDZxb01lSkt3VWhFbDVvZHFtSFFB?oc=5,부동산
두바이 부동산 폭락…전쟁 여파로 고급주택 25%↓ - 뉴시스,"<a href=""https://news.google.com/rss/articles/CBMiYEFVX3lxTFBKUS14c2dld2hSNmQ5UzRTQkFGbnkwaVE0OXJ3SGR1MVBpcUg5RmtkU0dRQ2ZfTklYQlVFX2t1Z1pGcDR6WjlmQ1hqbVFWYkpwZFM2VlRRdTBaTHQ5Sl90ONIBeEFVX3lxTFAwNXMwbzcwNlZ3dDlkdHVZc1dnaDdVNDdub2phYXZIbDM2eUUwVE05bkJNdl9Jc0tQVHlrWDloN0pXcjN0dnpWYmlwcjVOLXo3RjNZa0JQenEyaG5sd25qVEdDdC1VbENnRXlIZVdfWW5TRTRYME5ubA?oc=5"" target=""_blank"">두바이 부동산 폭락…전쟁 여파로 고급주택 25%↓</a>&nbsp;&nbsp;<font color=""#6f6f6f"">뉴시스</font>",https://news.google.com/rss/articles/CBMiYEFVX3lxTFBKUS14c2dld2hSNmQ5UzRTQkFGbnkwaVE0OXJ3SGR1MVBpcUg5RmtkU0dRQ2ZfTklYQlVFX2t1Z1pGcDR6WjlmQ1hqbVFWYkpwZFM2VlRRdTBaTHQ5Sl90ONIBeEFVX3lxTFAwNXMwbzcwNlZ3dDlkdHVZc1dnaDdVNDdub2phYXZIbDM2eUUwVE05bkJNdl9Jc0tQVHlrWDloN0pXcjN0dnpWYmlwcjVOLXo3RjNZa0JQenEyaG5sd25qVEdDdC1VbENnRXlIZVdfWW5TRTRYME5ubA?oc=5,부동산
"우리자산신탁·교정공제회, 부동산 투자·개발 협력 MOU 체결 - 글로벌이코노믹","<a href=""https://news.google.com/rss/articles/CBMiiAFBVV95cUxPWjNmb0VScXpUNk44elE2TE10YU1XMmV5RVkxbzVQZERUejF5ZnZtSlE0dUZEYkFPRS1BaWlOZGNUa2duU0syTWRjMy1LdkFqSkxnYmVrQW5mRERDTzdma3JLU2pZX2pVaEU4STVFSnBjOXZRc1FuUGxHTFlUalFXM0dQMXU5SHVE?oc=5"" target=""_blank"">우리자산신탁·교정공제회, 부동산 투자·개발 협력 MOU 체결</a>&nbsp;&nbsp;<font color=""#6f6f6f"">글로벌이코노믹</font>",https://news.google.com/rss/articles/CBMiiAFBVV95cUxPWjNmb0VScXpUNk44elE2TE10YU1XMmV5RVkxbzVQZERUejF5ZnZtSlE0dUZEYkFPRS1BaWlOZGNUa2duU0syTWRjMy1LdkFqSkxnYmVrQW5mRERDTzdma3JLU2pZX2pVaEU4STVFSnBjOXZRc1FuUGxHTFlUalFXM0dQMXU5SHVE?oc=5,부동산
李대통령 “빈말안한다…사업 대출로 부동산에 쓰면 사기죄 처벌” - 문화일보,"<a href=""https://news.google.com/rss/articles/CBMiUEFVX3lxTE1BcHFwQWJhUW5QbF9BczdKYVdMbHBHM0lfOVZ4a21ScHpia05rdjJIUVhVbzQ4cE5hYVRjZmFGMkZ4TWk4YlplakYwUkJ0c3dn?oc=5"" target=""_blank"">李대통령 “빈말안한다…사업 대출로 부동산에 쓰면 사기죄 처벌”</a>&nbsp;&nbsp;<font color=""#6f6f6f"">문화일보</font>",https://news.google.com/rss/articles/CBMiUEFVX3lxTE1BcHFwQWJhUW5QbF9BczdKYVdMbHBHM0lfOVZ4a21ScHpia05rdjJIUVhVbzQ4cE5hYVRjZmFGMkZ4TWk4YlplakYwUkJ0c3dn?oc=5,부동산
"李대통령 ""부동산, 금융부문 중요…세금은 핵폭탄 같은 최후수단"" - 연합뉴스","<a href=""https://news.google.com/rss/articles/CBMiW0FVX3lxTE1WOGNfQTlKdm9hU2xjTjcyYjd1cmstRmFCUUs5Y2ZOTFZ0Q0Y5M2JvQkMwRzV1WFhfeVRHWDQycG0wbS1QUkd1UWxsR0Nmd3lTUXEzdTUwQW1kZmfSAWBBVV95cUxNSE1tbVJtaFR3RENUekhnSjNjQWZzN2FqM28yMFJBeHFHZlVxblh2NGpJX1ZBNDRVOG5GUnpLcVNGNEZLMmFmdnA0TW9kVUtqYVBQU2Zmc2xiU0VYY1M2UGs?oc=5"" target=""_blank"">李대통령 ""부동산, 금융부문 중요…세금은 핵폭탄 같은 최후수단""</a>&nbsp;&nbsp;<font color=""#6f6f6f"">연합뉴스</font>",https://news.google.com/rss/articles/CBMiW0FVX3lxTE1WOGNfQTlKdm9hU2xjTjcyYjd1cmstRmFCUUs5Y2ZOTFZ0Q0Y5M2JvQkMwRzV1WFhfeVRHWDQycG0wbS1QUkd1UWxsR0Nmd3lTUXEzdTUwQW1kZmfSAWBBVV95cUxNSE1tbVJtaFR3RENUekhnSjNjQWZzN2FqM28yMFJBeHFHZlVxblh2NGpJX1ZBNDRVOG5GUnpLcVNGNEZLMmFmdnA0TW9kVUtqYVBQU2Zmc2xiU0VYY1M2UGs?oc=5,부동산
이 대통령 “사업자금으로 대출받아 부동산 사면 형사처벌…빈말 않는다” - 한겨레,"<a href=""https://news.google.com/rss/articles/CBMidEFVX3lxTE5USU9KQXM2VGcxZC1VR0VVZHV6ZkNkTXl6SzJ5bHhpRFFaendVaWtYa2lMRUtlWWJwUmprN2kwd3p2TmU1cjBWbDVHdkJKTXJmZm9fTy1hbVpRWVNKcEVzb0lKQVZ5VlgteUxLdGRKMTVON1J1?oc=5"" target=""_blank"">이 대통령 “사업자금으로 대출받아 부동산 사면 형사처벌…빈말 않는다”</a>&nbsp;&nbsp;<font color=""#6f6f6f"">한겨레</font>",https://news.google.com/rss/articles/CBMidEFVX3lxTE5USU9KQXM2VGcxZC1VR0VVZHV6ZkNkTXl6SzJ5bHhpRFFaendVaWtYa2lMRUtlWWJwUmprN2kwd3p2TmU1cjBWbDVHdkJKTXJmZm9fTy1hbVpRWVNKcEVzb0lKQVZ5VlgteUxLdGRKMTVON1J1?oc=5,부동산
"李 “다주택 공직자, 부동산 정책 업무서 빼라” - 조선일보","<a href=""https://news.google.com/rss/articles/CBMikAFBVV95cUxNN2xYc0xoWmk0WWxlS184TkM2V0RkdjJWVkdYZWdOVnlFOFJoSE56LTg0NEZmQTVVNk03MkdOLVMtSUo2T3lpTW83V0kxVTBERkg2OFRNOS1ubGxQYWlSVm4wX3ZTZEtYaFVBd2xsaVdsVEZxN193MHJxYXhtMW53TWZ3WkF6MVBicG15dnZGUVrSAaQBQVVfeXFMTTdHS2Y0TlZhOXgzVU9NUTI4Qk9zS3dIdnNiMkFQN3RkME9nSFFPTjZHRTVlNmZTNS1LM1AtUndOQWtyS1dacF9fTllqX0hsZ2F1YmRKTHhZRnQ3Ym84N1N3ak93RVJlLXNhZXgtVTFEV0piUUJNbTNPcmVBX0hic0dZcEZYd1drdnZkbGpwOGs1OWNWbnJQRzI2UDRXX1ptT2wzanc?oc=5"" target=""_blank"">李 “다주택 공직자, 부동산 정책 업무서 빼라”</a>&nbsp;&nbsp;<font color=""#6f6f6f"">조선일보</font>",https://news.google.com/rss/articles/CBMikAFBVV95cUxNN2xYc0xoWmk0WWxlS184TkM2V0RkdjJWVkdYZWdOVnlFOFJoSE56LTg0NEZmQTVVNk03MkdOLVMtSUo2T3lpTW83V0kxVTBERkg2OFRNOS1ubGxQYWlSVm4wX3ZTZEtYaFVBd2xsaVdsVEZxN193MHJxYXhtMW53TWZ3WkF6MVBicG15dnZGUVrSAaQBQVVfeXFMTTdHS2Y0TlZhOXgzVU9NUTI4Qk9zS3dIdnNiMkFQN3RkME9nSFFPTjZHRTVlNmZTNS1LM1AtUndOQWtyS1dacF9fTllqX0hsZ2F1YmRKTHhZRnQ3Ym84N1N3ak93RVJlLXNhZXgtVTFEV0piUUJNbTNPcmVBX0hic0dZcEZYd1drdnZkbGpwOGs1OWNWbnJQRzI2UDRXX1ptT2wzanc?oc=5,부동산
"李 “다주택 등 공직자, 부동산 정책 과정 배제”…대상은 누구? - 중앙일보","<a href=""https://news.google.com/rss/articles/CBMiVkFVX3lxTFBKTW1mVXhtN3FSWGNPYU1ELWR2YU9xV092MFNJSXJKQ1ZLR3V0Mjdnc2xJWFozOGNUQTF3Q3I5eE9YQnhMeE5XRkFqZ09rREowOUFFOFFB?oc=5"" target=""_blank"">李 “다주택 등 공직자, 부동산 정책 과정 배제”…대상은 누구?</a>&nbsp;&nbsp;<font color=""#6f6f6f"">중앙일보</font>",https://news.google.com/rss/articles/CBMiVkFVX3lxTFBKTW1mVXhtN3FSWGNPYU1ELWR2YU9xV092MFNJSXJKQ1ZLR3V0Mjdnc2xJWFozOGNUQTF3Q3I5eE9YQnhMeE5XRkFqZ09rREowOUFFOFFB?oc=5,부동산
"[사설]다주택 공직자 ‘부동산 업무’ 배제, 정책 신뢰 높일 전기로 - 경향신문","<a href=""https://news.google.com/rss/articles/CBMiWkFVX3lxTFBWcDhUS2ZuNWZ6cEhXc2RRdkJxODdMdGRCOVNiM1RqaldOUUNJam8zUEkxRi1jLUVVRkg4X3lZUWJLb0Y1UUlRVUpqRmZaS2hhWnZobW1RRDYxQdIBX0FVX3lxTE5ub0Z0c2dRaC1mbC0yMVRzcVJvd01xUXZ4eGstRkNOMFg2aW03X0Z2NzBxT09KNnlqMG9DZU50YjUtdThKS04tVUpMMkdRMVFEWXVZTkR6SXlGcm9STzNN?oc=5"" target=""_blank"">[사설]다주택 공직자 ‘부동산 업무’ 배제, 정책 신뢰 높일 전기로</a>&nbsp;&nbsp;<font color=""#6f6f6f"">경향신문</font>",https://news.google.com/rss/articles/CBMiWkFVX3lxTFBWcDhUS2ZuNWZ6cEhXc2RRdkJxODdMdGRCOVNiM1RqaldOUUNJam8zUEkxRi1jLUVVRkg4X3lZUWJLb0Y1UUlRVUpqRmZaS2hhWnZobW1RRDYxQdIBX0FVX3lxTE5ub0Z0c2dRaC1mbC0yMVRzcVJvd01xUXZ4eGstRkNOMFg2aW03X0Z2NzBxT09KNnlqMG9DZU50YjUtdThKS04tVUpMMkdRMVFEWXVZTkR6SXlGcm9STzNN?oc=5,부동산
이 대통령 “0.1% 구멍도 안 돼”…다주택 공직자 부동산 정책서 배제 - 한겨레,"<a href=""https://news.google.com/rss/articles/CBMia0FVX3lxTE9WRXpuOTBoOF9LMTVtWFQxbkJFYXYtVUFVazRYQWMwNEEzdlV5aHIzaWV3MDREMVNnNmJ0bjk1RXFMaVpINWNzN0tMbUpYZGFrYlVrc2stTVdjQkV0X0V5MWpMTjZXV1RzUndj?oc=5"" target=""_blank"">이 대통령 “0.1% 구멍도 안 돼”…다주택 공직자 부동산 정책서 배제</a>&nbsp;&nbsp;<font color=""#6f6f6f"">한겨레</font>",https://news.google.com/rss/articles/CBMia0FVX3lxTE9WRXpuOTBoOF9LMTVtWFQxbkJFYXYtVUFVazRYQWMwNEEzdlV5aHIzaWV3MDREMVNnNmJ0bjk1RXFMaVpINWNzN0tMbUpYZGFrYlVrc2stTVdjQkV0X0V5MWpMTjZXV1RzUndj?oc=5,부동산
李 대통령 “부동산 정책서 다주택 공직자 배제” - 조선일보,"<a href=""https://news.google.com/rss/articles/CBMikAFBVV95cUxPMGxkUUhGRlB5MEk3X1ZldUxPMUJ3cXBVMExvNEQ4SHFhWnE4YVl5U25RdlRJYWtTeHNxaW1QVXc2MFNNMGtDUTJES3BaTW05WHo3TlZPMC0ybEFrWmpqYmVUNjdBMS1JQ3VnOUVxRHhZYUZoVEdnM0ttdWFCMFJxSkdlSzB3N0FrNVVOYkF5cDPSAaQBQVVfeXFMUENBVlgyQk14VDBQRmluSnZLOVkteHozSW41cWxPQ0FObXA1Yjd2ejh4MzU3Wm8xZllQRWdIWG41WTRBaW1URzhqaW9RamUyck85aXVJZHBaZ05CWEZJbFF3dmJzUUl4eFNfMnJMSmpZVXlvUTU5YVRYMXNrdlk3cXpodkJHR1lZQmtvSFRGbk1zTVlUeHBpZnpQVjJIdlVBNW1NbDM?oc=5"" target=""_blank"">李 대통령 “부동산 정책서 다주택 공직자 배제”</a>&nbsp;&nbsp;<font color=""#6f6f6f"">조선일보</font>",https://news.google.com/rss/articles/CBMikAFBVV95cUxPMGxkUUhGRlB5MEk3X1ZldUxPMUJ3cXBVMExvNEQ4SHFhWnE4YVl5U25RdlRJYWtTeHNxaW1QVXc2MFNNMGtDUTJES3BaTW05WHo3TlZPMC0ybEFrWmpqYmVUNjdBMS1JQ3VnOUVxRHhZYUZoVEdnM0ttdWFCMFJxSkdlSzB3N0FrNVVOYkF5cDPSAaQBQVVfeXFMUENBVlgyQk14VDBQRmluSnZLOVkteHozSW41cWxPQ0FObXA1Yjd2ejh4MzU3Wm8xZllQRWdIWG41WTRBaW1URzhqaW9RamUyck85aXVJZHBaZ05CWEZJbFF3dmJzUUl4eFNfMnJMSmpZVXlvUTU5YVRYMXNrdlk3cXpodkJHR1lZQmtvSFRGbk1zTVlUeHBpZnpQVjJIdlVBNW1NbDM?oc=5,부동산
"이 대통령 ‘최후 수단’ 언급한 부동산 세제는…보유세 강화, 장특공제 축소 - 한겨레","<a href=""https://news.google.com/rss/articles/CBMickFVX3lxTFB2VllicGVwMXN5dUpOYXRaQ2ViWFd2SUJBRUtSaXd0ajhVZTBBblRvcjJHTUgyenVlMlI4NlNxb3VrMVp1VEdNYWppamVqQzNWRUgwSGVzZnBTN2twZ3VGRnR5MFFkZkFPQ013T3E3blM5Zw?oc=5"" target=""_blank"">이 대통령 ‘최후 수단’ 언급한 부동산 세제는…보유세 강화, 장특공제 축소</a>&nbsp;&nbsp;<font color=""#6f6f6f"">한겨레</font>",https://news.google.com/rss/articles/CBMickFVX3lxTFB2VllicGVwMXN5dUpOYXRaQ2ViWFd2SUJBRUtSaXd0ajhVZTBBblRvcjJHTUgyenVlMlI4NlNxb3VrMVp1VEdNYWppamVqQzNWRUgwSGVzZnBTN2twZ3VGRnR5MFFkZkFPQ013T3E3blM5Zw?oc=5,부동산
종부세 폭탄에 1주택자도 타깃… 지방선거 후 부동산 증세 임박 - 조선비즈 - Chosunbiz,"<a href=""https://news.google.com/rss/articles/CBMimAFBVV95cUxQUUw3dTgzZXhUN3NENGppUkc0MDVKRnFJcmp4YnY5STdMNFI5X1RxNlQzNFNTa01IZ3QzUTZ1dmFEY29kc1Utc3c5a1JmT3IxMGVHS3RBdUc3bWRBUl9jSTZ3TnJuMHRmR1drOGUxYlVCTGE5MG1TYWlkMkJVbG5LMXVWa3ZVSTNjT3A5VVNSVi1CLThwclNRSNIBrAFBVV95cUxQQzJtYVU4V2toLTJ0ZldwNnpKTkVDbkRoMXVxQmdVeG9xNDA3b0VkckVTcG95TFctNnFxb2lsc1NnU0NmZ2pkQWJveTNZRTN6RjI4ZVIydHVNb3pLbFgybVhCRkhEZ19RSmttRnRqZFMxbVhJV2dTd1FlckdYRDZ0ZzYtRDZFX25rZTlTWlo2R090WG1YajRIYWNSMVVBWTNSWDMtUGVJODg4TlNu?oc=5"" target=""_blank"">종부세 폭탄에 1주택자도 타깃… 지방선거 후 부동산 증세 임박 - 조선비즈</a>&nbsp;&nbsp;<font color=""#6f6f6f"">Chosunbiz</font>",https://news.google.com/rss/articles/CBMimAFBVV95cUxQUUw3dTgzZXhUN3NENGppUkc0MDVKRnFJcmp4YnY5STdMNFI5X1RxNlQzNFNTa01IZ3QzUTZ1dmFEY29kc1Utc3c5a1JmT3IxMGVHS3RBdUc3bWRBUl9jSTZ3TnJuMHRmR1drOGUxYlVCTGE5MG1TYWlkMkJVbG5LMXVWa3ZVSTNjT3A5VVNSVi1CLThwclNRSNIBrAFBVV95cUxQQzJtYVU4V2toLTJ0ZldwNnpKTkVDbkRoMXVxQmdVeG9xNDA3b0VkckVTcG95TFctNnFxb2lsc1NnU0NmZ2pkQWJveTNZRTN6RjI4ZVIydHVNb3pLbFgybVhCRkhEZ19RSmttRnRqZFMxbVhJV2dTd1FlckdYRDZ0ZzYtRDZFX25rZTlTWlo2R090WG1YajRIYWNSMVVBWTNSWDMtUGVJODg4TlNu?oc=5,부동산
"李대통령 “부동산 세금은 최후 수단, 그렇지만 준비는 하라” - 조선일보","<a href=""https://news.google.com/rss/articles/CBMikAFBVV95cUxORWU5Wktaa08yVkdWeFNXSi1GbFhkZXpkWURxU0VMZ2VqZ2c3WVZUdU8zT1l4RUdMckZyaUNGYlIzVmU3eWU1T1lQOW5aaEVqdy1KS1lWSTg4TGpsM1ZYVTk4bFpQY3c4WDlYVHNFVS1KeEx6ejlTX2l6ME92MjZ2cXVVWmI0N2dQRWRDS1B5ZFLSAaQBQVVfeXFMUG9PVktpTWpTOGVPeTlYNjZwRG5BeFlpbjBmU1pOZ3dyQlZWcUFMeGpEN3B5eHRObjlud3NkSWt5djBVX1V5RmlIN3ZIUENFUXpRZ1BBaUN3NGJaZjNqQUtVdlpjU296VkY0NUZVMTU2VTB6bi1FNl9VenhleE5nNU5yb1ZJSDctMTRrMUVKUFczYnZtYmlGN3ZDMllXcm4tRHpfV1g?oc=5"" target=""_blank"">李대통령 “부동산 세금은 최후 수단, 그렇지만 준비는 하라”</a>&nbsp;&nbsp;<font color=""#6f6f6f"">조선일보</font>",https://news.google.com/rss/articles/CBMikAFBVV95cUxORWU5Wktaa08yVkdWeFNXSi1GbFhkZXpkWURxU0VMZ2VqZ2c3WVZUdU8zT1l4RUdMckZyaUNGYlIzVmU3eWU1T1lQOW5aaEVqdy1KS1lWSTg4TGpsM1ZYVTk4bFpQY3c4WDlYVHNFVS1KeEx6ejlTX2l6ME92MjZ2cXVVWmI0N2dQRWRDS1B5ZFLSAaQBQVVfeXFMUG9PVktpTWpTOGVPeTlYNjZwRG5BeFlpbjBmU1pOZ3dyQlZWcUFMeGpEN3B5eHRObjlud3NkSWt5djBVX1V5RmlIN3ZIUENFUXpRZ1BBaUN3NGJaZjNqQUtVdlpjU296VkY0NUZVMTU2VTB6bi1FNl9VenhleE5nNU5yb1ZJSDctMTRrMUVKUFczYnZtYmlGN3ZDMllXcm4tRHpfV1g?oc=5,부동산
"""다주택 공직자, 부동산정책 과정서 배제""…이 대통령 '초강수' - 뉴스토마토","<a href=""https://news.google.com/rss/articles/CBMiYEFVX3lxTE9yUmJmUHJWRTR3UnlpbV9heWRVMTZ6Y1V3UXhnQ0FrR0dXb3dDMHhORmhROXk0dWlPOHpLb1JHbnBCNjZURWljYWh5eTdDUEF3cmRZV004THk3UUZWMEppbA?oc=5"" target=""_blank"">""다주택 공직자, 부동산정책 과정서 배제""…이 대통령 '초강수'</a>&nbsp;&nbsp;<font color=""#6f6f6f"">뉴스토마토</font>",https://news.google.com/rss/articles/CBMiYEFVX3lxTE9yUmJmUHJWRTR3UnlpbV9heWRVMTZ6Y1V3UXhnQ0FrR0dXb3dDMHhORmhROXk0dWlPOHpLb1JHbnBCNjZURWljYWh5eTdDUEF3cmRZV004THk3UUZWMEppbA?oc=5,부동산
"박홍근 ""부동산 세제, 장기적 시계의 심층연구 필요"" - 연합뉴스","<a href=""https://news.google.com/rss/articles/CBMiW0FVX3lxTE90VG1SbXRYY29MNkdpTWtEMDloVzdfa1ZoYk5JLWp4SFpSNUkyTV93MHhjZThWWXNfSklSaGxSOXJYUFFtT3hBSWY0T1RkWE50aVBWVnlxNnZ1clXSAWBBVV95cUxOczk4aXNlYUM3Z3p3VnBiQXdtcXFrdXlpT01sZ3lmaVFYQlprM2VNSTJObDV1OWNSUTRwVWc5cUJmSHc2S0xXYkNVQktPdjJoS2JNdnVQal9KeGVFZVA0NW0?oc=5"" target=""_blank"">박홍근 ""부동산 세제, 장기적 시계의 심층연구 필요""</a>&nbsp;&nbsp;<font color=""#6f6f6f"">연합뉴스</font>",https://news.google.com/rss/articles/CBMiW0FVX3lxTE90VG1SbXRYY29MNkdpTWtEMDloVzdfa1ZoYk5JLWp4SFpSNUkyTV93MHhjZThWWXNfSklSaGxSOXJYUFFtT3hBSWY0T1RkWE50aVBWVnlxNnZ1clXSAWBBVV95cUxOczk4aXNlYUM3Z3p3VnBiQXdtcXFrdXlpT01sZ3lmaVFYQlprM2VNSTJObDV1OWNSUTRwVWc5cUJmSHc2S0xXYkNVQktPdjJoS2JNdnVQal9KeGVFZVA0NW0?oc=5,부동산
"[속보]李대통령, ‘다주택 공직자’ 부동산 정책 논의서 배제 지시 - 문화일보","<a href=""https://news.google.com/rss/articles/CBMiUEFVX3lxTE1nUGxyemtwOUxJR1NFSnpNSkhmUzVjV3Y4ZFJsTURBZENaRDJrNDdVbUtDaVAyMzN6dWt2MDAwV2x4V0t2SmtxTmtOZEdkY0wt?oc=5"" target=""_blank"">[속보]李대통령, ‘다주택 공직자’ 부동산 정책 논의서 배제 지시</a>&nbsp;&nbsp;<font color=""#6f6f6f"">문화일보</font>",https://news.google.com/rss/articles/CBMiUEFVX3lxTE1nUGxyemtwOUxJR1NFSnpNSkhmUzVjV3Y4ZFJsTURBZENaRDJrNDdVbUtDaVAyMzN6dWt2MDAwV2x4V0t2SmtxTmtOZEdkY0wt?oc=5,부동산
"정원주 대우건설 회장, 북미 부동산 개발 확대 外 - 톱데일리","<a href=""https://news.google.com/rss/articles/CBMiUEFVX3lxTE92dGkxanJQNGx1TG85QzNrLVBfV3RJZ05UZTM1dE5sTjN4aGZPRjRRWVh0U200Vmk0UUNlbDh3TV9wUnN6MmNPZTZ5Y0Vkamxn?oc=5"" target=""_blank"">정원주 대우건설 회장, 북미 부동산 개발 확대 外</a>&nbsp;&nbsp;<font color=""#6f6f6f"">톱데일리</font>",https://news.google.com/rss/articles/CBMiUEFVX3lxTE92dGkxanJQNGx1TG85QzNrLVBfV3RJZ05UZTM1dE5sTjN4aGZPRjRRWVh0U200Vmk0UUNlbDh3TV9wUnN6MmNPZTZ5Y0Vkamxn?oc=5,부동산
"매물 잠기면 '도루묵'…금융위, 부동산대책 골든타임 맞출까 - 연합인포맥스","<a href=""https://news.google.com/rss/articles/CBMicEFVX3lxTE1NaGZQWjZTLUlvcDRWQThxTlJjc0JQNWx3ZEtJXzkydGVOZ3VBM3dpWEJabFdfUDMtXzlnN2VsYUdwdnM3R3licDhlVlpXdXd6Y25KN1lsMGkxOGVuVldGbzdhVmkxQlhFX3dxTDkxek0?oc=5"" target=""_blank"">매물 잠기면 '도루묵'…금융위, 부동산대책 골든타임 맞출까</a>&nbsp;&nbsp;<font color=""#6f6f6f"">연합인포맥스</font>",https://news.google.com/rss/articles/CBMicEFVX3lxTE1NaGZQWjZTLUlvcDRWQThxTlJjc0JQNWx3ZEtJXzkydGVOZ3VBM3dpWEJabFdfUDMtXzlnN2VsYUdwdnM3R3licDhlVlpXdXd6Y25KN1lsMGkxOGVuVldGbzdhVmkxQlhFX3dxTDkxek0?oc=5,부동산
[뉴스 다이브] “‘다주택 공직자’ 부동산 정책서 배제”…강수 둔 이 대통령 - 한겨레,"<a href=""https://news.google.com/rss/articles/CBMidEFVX3lxTE5POWNUY3FxQnpzbGJPWVlVSjhSbE1DSm9PeW9LTjh5aVc5SmtudExQVnVqOVZzcklWYVpWVjZOOVlIelZ2QlI4M05vVFFNQVBqLVkyakhaOWt0R1Z6QkVzSFJENW85X3AtM2ZWSnRFOXpzdzAw?oc=5"" target=""_blank"">[뉴스 다이브] “‘다주택 공직자’ 부동산 정책서 배제”…강수 둔 이 대통령</a>&nbsp;&nbsp;<font color=""#6f6f6f"">한겨레</font>",https://news.google.com/rss/articles/CBMidEFVX3lxTE5POWNUY3FxQnpzbGJPWVlVSjhSbE1DSm9PeW9LTjh5aVc5SmtudExQVnVqOVZzcklWYVpWVjZOOVlIelZ2QlI4M05vVFFNQVBqLVkyakhaOWt0R1Z6QkVzSFJENW85X3AtM2ZWSnRFOXpzdzAw?oc=5,부동산
한국 주택 시장 사이클 돌아보니…'대한민국 부동산의 역사' - 연합인포맥스,"<a href=""https://news.google.com/rss/articles/CBMicEFVX3lxTFBOSHNESG1kdy12VjRyM1JyN095REV3VGtZbFBkd1N2ZFlXaEU5T3g4Tl9kTnFQS2dpbjgybENYR2R2TXBJTlFPTVVLdUZxMktEY24yRkVqWVVlQmFVa1RvejEtMkNrSk1ZSVYtcEhvaVU?oc=5"" target=""_blank"">한국 주택 시장 사이클 돌아보니…'대한민국 부동산의 역사'</a>&nbsp;&nbsp;<font color=""#6f6f6f"">연합인포맥스</font>",https://news.google.com/rss/articles/CBMicEFVX3lxTFBOSHNESG1kdy12VjRyM1JyN095REV3VGtZbFBkd1N2ZFlXaEU5T3g4Tl9kTnFQS2dpbjgybENYR2R2TXBJTlFPTVVLdUZxMktEY24yRkVqWVVlQmFVa1RvejEtMkNrSk1ZSVYtcEhvaVU?oc=5,부동산
"정원주 대우건설 회장, 부동산 개발 확대 위해 미국 방문 - 뉴스토마토","<a href=""https://news.google.com/rss/articles/CBMiYEFVX3lxTFBXa3VMTlcwV2hPc0lxeUNjOG84TUtpSmdLMXBTbWhpbFB0c1VNTXVDbEM3bklTRVdqX29nSWxVdlVVUXhDdENINF9hNkR0UkplRUJ2UmdPV1RDVldUbE9hTQ?oc=5"" target=""_blank"">정원주 대우건설 회장, 부동산 개발 확대 위해 미국 방문</a>&nbsp;&nbsp;<font color=""#6f6f6f"">뉴스토마토</font>",https://news.google.com/rss/articles/CBMiYEFVX3lxTFBXa3VMTlcwV2hPc0lxeUNjOG84TUtpSmdLMXBTbWhpbFB0c1VNTXVDbEM3bklTRVdqX29nSWxVdlVVUXhDdENINF9hNkR0UkplRUJ2UmdPV1RDVldUbE9hTQ?oc=5,부동산
공직사회 고강도 압박…李대통령 '부동산 투기와 전쟁' 다시 고삐(종합) - 연합뉴스,"<a href=""https://news.google.com/rss/articles/CBMiW0FVX3lxTE9hdEllMHBPUmlHNFo0ZFRKeF9sdEJNVWxqTk1GbEJ2bFhYQXlDMlRkeXFEcU9GbDBERXZpZFBiXzlnV2M1M3Rfb3lNLUNYcjM1SzBURnlVMmRkcEXSAWBBVV95cUxNM29DRExEdUJaUDc4by1mWmlVdlptUEx2VV9jNWNwc01Zck1IMmhhNVpGd0NnNzlyZDAyUWo1azJUcDM2bDA5WkxzempwbFNZRjBRRzM3TnRrcWFwelZBdks?oc=5"" target=""_blank"">공직사회 고강도 압박…李대통령 '부동산 투기와 전쟁' 다시 고삐(종합)</a>&nbsp;&nbsp;<font color=""#6f6f6f"">연합뉴스</font>",https://news.google.com/rss/articles/CBMiW0FVX3lxTE9hdEllMHBPUmlHNFo0ZFRKeF9sdEJNVWxqTk1GbEJ2bFhYQXlDMlRkeXFEcU9GbDBERXZpZFBiXzlnV2M1M3Rfb3lNLUNYcjM1SzBURnlVMmRkcEXSAWBBVV95cUxNM29DRExEdUJaUDc4by1mWmlVdlptUEx2VV9jNWNwc01Zck1IMmhhNVpGd0NnNzlyZDAyUWo1azJUcDM2bDA5WkxzempwbFNZRjBRRzM3TnRrcWFwelZBdks?oc=5,부동산
"정원주 대우건설 회장, 북미 부동산 개발·에너지 인프라 협력 확대 - BBS불교방송","<a href=""https://news.google.com/rss/articles/CBMia0FVX3lxTE9FVTQ5OTNPcFRxa0gwQndqMnU4RWVkX0swaE84VUpEVE1uRFFxYng3cjNRcF9Hcm85aU9aaDhFSF9iWUxWeTlrSkh0NVZ4VVNKU0hDNHBYWmVYMXVWVVBuQkM2d0F0UkRLdVlz?oc=5"" target=""_blank"">정원주 대우건설 회장, 북미 부동산 개발·에너지 인프라 협력 확대</a>&nbsp;&nbsp;<font color=""#6f6f6f"">BBS불교방송</font>",https://news.google.com/rss/articles/CBMia0FVX3lxTE9FVTQ5OTNPcFRxa0gwQndqMnU4RWVkX0swaE84VUpEVE1uRFFxYng3cjNRcF9Hcm85aU9aaDhFSF9iWUxWeTlrSkh0NVZ4VVNKU0hDNHBYWmVYMXVWVVBuQkM2d0F0UkRLdVlz?oc=5,부동산
